token_hi,token_en
पूनिया,Poonia  
यूएचएफ,UHF  
स्वशिक्षा,self-education  
ढेले,lumps  
नियो,Nio  
ऑर्गनाइज़ेशन,organization  
आवृत्तियां,frequencies  
जगतगुरु,Jagatguru  
पेट्रोनास,Petronas  
कीलकों,spikes  
आस्तियों,assets  
बतलाने,telling  
नागेशं,Nagesh  
मीथेन,methane  
शास्रों,texts  
मोक,Mok  
जबा,Jaba  
कुतुबपुर,Qutubpur  
अमलापुरम,Amalapuram  
झिलमिल,glitter  
जोबनेर,Jobner  
दुराई,Durai  
मिनिवेट,minivet  
एंड्रोइड्स,androids  
वृत्तान्त,account  
मीड़,MeeD  
फलन,function  
बॉन्डिंग,bonding  
मर्चेन्ट्स,merchants  
गुलागों,gulags  
नॉर्थम्प्टन,Northampton  
आर्यिका,Aryika  
राजसात्करण,confiscation  
सिमुक,Simuka  
३४४,344  
जीज़स,Jesus  
विण्डोज़,Windows  
सेंग,Seng  
खिड़कियाँ,windows  
मोज़ार्ट,Mozart  
स्वाइप,swipe  
मेरा,mera  
सहसम्बन्धित,correlated  
बाॅयड,Boyd  
मुन्दोली,Mundoli  
परागण,pollination  
परवडा,Parvada  
पुनर्देशित,redirected  
आयीं,came  
३७८,378  
हरीसिंह,HariSingh  
रसातल,abyss  
परिस्थतियों,circumstances  
फेंटम,phantom  
वैगनीयर,Wagnerian  
नोरोवायरस,Norovirus  
सुलगती,smoldering  
चक्रवृद्धि,compound  
ओल्मेक,Olmec  
अवकारक,reducing  
इवा,Eva  
सप्तपर्णा,Saptaparna  
नेटल,nettle  
मेषादि,Mesadi  
व्युत्पति,etymology  
डिनर,dinner  
संकटों,crises  
शरीररचना,anatomy  
सिलिया,cilia  
अवार्ड्स,awards  
दैवज्ञ,astrologer  
अल्फा,Alpha  
क्यूबिस्ट,Cubist  
ओलिम्पिया,Olympia  
रोमकूपों,pores  
बैरेटा,Baretta  
पप्पू,Pappu  
कैपेला,Capella  
आंतरिक,internal  
मुख़्तलिफ़,different  
पोलाक,Pollack  
चैम्पियंस,champions  
बंकरों,bunkers  
रास्टर,raster  
जिमनेजियम,gymnasium  
हाव,gesture  
गमागमन,commute  
फ्रीडरिक,Friedrich  
क्रस्टेशिया,crustacean  
आयु,age  
पुते,Putte  
लोकप्रचलित,vernacular  
सुन्द,Sund  
सकपाल,Sakpal  
मॉड्युल,module  
रोनल्ड,Ronald  
खेरी,Kheri  
दुनियाभर,worldwide  
बड़ागाँव,Badagav  
प्रेस्बिटेरियन,Presbyterian  
यातनाएँ,tortures  
विशेषीकरण,specialization  
स्पाईक,spike  
प्रसृत,spread  
बसत,Basat  
बार्नस्टार,Barnstar  
नातान,Natan  
नंदवंश,Nandavansh  
कोतालं,Kotalam  
सोफे,sofas  
हैंगिंग,hanging  
हॉलीवूड,Hollywood  
प्रवेशन,admission  
कॉर्नेल,Cornell  
अनुखंडित,fragmented  
नायडू,Naidu  
मह्त्वपूर्ण,important  
boosters,boosters  
कुरंगी,Kurangi  
संधि,treaty  
गैंगस्टर्स,gangsters  
अलो,Alo  
ह्विग,Whig  
मिकेल,Mikel  
गोपीकृष्ण,Gopikrishna  
धिक्कारते,cursing  
मैकआर्थर,MacArthur  
आरी,saw  
स्कीइंग,skiing  
११०००,11000  
शेरनी,tigress  
मैनहुड,manhood  
वृत्तों,circles  
ब्रह्मचारिणी,Brahmacharini  
अभावग्रस्त,deprived  
ट्रेनें,trains  
औस्ट्रेलिया,Australia
सूचनाऐं,information  
स्काइथियन,Scythian  
फराओ,Pharaoh  
सैपर्स,sappers  
खोर,ravine  
दूनास,Dunas  
सवृंत,complete  
हितैषिणी,benefactor  
पायोनियर,pioneer  
मिस्र,Egypt  
गुर्टु,Gurtu  
घरानों,lineages  
कर्मकांड,ritual  
उपजीव्य,derivative  
फाइट,fight  
जालों,webs  
सईदना,Syedna  
सोज़,melody  
आंदोलन,movement  
स्फुरण,vibration  
पिनाकी,Pinaki  
शस्रों,weapons  
हल्का,light  
भूमिकायें,roles  
दिग्दर्शन,guidance  
कपालकुंडला,Kapalkundala  
भोगवाद,hedonism  
हरिगीता,Harigita  
टेय,Tey  
कोर्न,Korn  
लं,Lan  
अर्गोनाउटस,Argonauts  
डवे,Dave  
बाइकुला,Byculla  
आणविक,atomic  
किल्वी,Kilvi  
गणनाएँ,calculations  
डाइएलेक्ट्रिक,dielectric  
फाटक,gateway  
शियावोन,Shiavon  
वण्डरलैण्ड,Wonderland  
बीयरिंग,bearing  
तोशिबा,Toshiba  
मिनियापोलिस,Minneapolis  
रैडिसन,Radisson  
पीसा,Pisa  
८३८,838  
स्वीटनर,sweetener  
इमान,faith  
लेकर,taking  
सलवार,Salwar  
इलेक्ट्रो,electro  
तलाशती,searching  
भोजवृत्ति,scholarship  
सिस्प्लैटिन,cisplatin  
दशांश,decimal  
खिसकती,slipping  
प्रस्थापित,established  
रीतिकाल,Ritikala  
वरलक्ष्मी,Varalakshmi  
फ्री,free  
इटहरा,Ithara  
फ्यूचर्स,futures  
मोड़न,modern  
बाधाएँ,obstacles  
दागों,stains  
ओआहू,Oahu  
बलिदान,sacrifice  
वर्द्धित,increased  
२९७५,2975  
अमेज़ोनास,Amazonas  
विभाजन,division  
स्पेनवासियों,Spaniards  
सलाहकारी,advisory  
डाइसल्फाइड,disulfide  
गुंग,Gung  
सीरमी,Seerami  
विद्युतचुम्बक,electromagnet  
चार्ट्रेस,Chartres  
समकालीनता,contemporaneity  
बिगनिंग,beginning  
बिजनेस,business  
परवल,pointed  
निष्क्रीय,passive  
ध्यानस्थ,meditative  
बरो,Boro  
जैसल,Jaisal  
वॉल्यूम्स,volumes  
संवेदनाएं,sensations  
तस्मानियाई,Tasmanian  
बताइये,tell  
मूल्याङ्कन,evaluation  
सर्वांग,holistic  
थर्मोडाइनेमिक,thermodynamic  
ग्रीनवे,Greenway  
जहरीली,toxic  
राघानन्द,Raghanand  
२४२८,2428  
गैलिलीयो,Galileo  
चासर,Chaucer  
कानूनवाले,legal  
परिधि,circumference  
जनकवि,folk-poet  
पीपलधार,Peepaldhar  
अनुसरणकर्ता,follower  
रैवतक,Ravatak  
नैरंतर्य,continuity  
निवृत,retired  
आजसु,AJSU  
पटिया,plank  
अंशांकित,calibrated  
चादरों,sheets  
नीपर,Dnieper  
आत्मज्ञान,self-realization  
अन्जेंगो,Anjengo  
डांटते,scolding  
फुकुशिमा,Fukushima  
बुंदेलखंडी,Bundelkhandi  
स्तालिन,Stalin  
मही,Mahi  
जनसंख्यानुसार,population-wise  
स्टेटसन,Stetson  
श्रेणीयां,categories  
मान्यताएं,beliefs  
अरहर,pigeonpea  
खन्नौत,Khannaut  
नारानको,Naranko  
सर्वभूतेषु,all-beings  
जलेबी,jalebi  
यकायक,suddenly  
फ्रोजेन,frozen  
अंतःकपालीय,intracranial  
नोट,note  
चूमा,kissed  
विसंगतियों,discrepancies  
मेइ,Mei  
पिछेती,delayed  
नेवरलैंड,Neverland  
पार्चमैन,Parchman  
पेटरोल,petrol  
गढ़चिरौली,Gadchiroli 
अनजाने,unknown
परक्लोरेट,perchlorate
इक्कों,aces
लें, take
रेटिनॉल,retinol
विधिशास्त्र,jurisprudence
एडमिशन,admission
बार्बरी,barbary
बालुरघाट,Balurghat
वर्णक,pigment
भाषाविश्लेषण,linguistics
पॉलिश,polish
घुमाया,rotated
यूलिया,Yulia
उत्पलकुमार,UtpalaKumar
वरूथिनी,Varuthini
बारू,Baaru
फटा,torn
इन्फोर्समेंट,enforcement
लुंग,Lung
ताम,Tam
मनोविश्लेषक,psychoanalyst
बहुतही,very
नजीबाबाद,Najibabad
हस्तान्तरन,transfer
सट्टे,betting
आइन्स्टाइन,Einstein
बड,bud
ऐलेक्ज़ैन्डर,Alexander
विद्यालंकार,Vidyālankar
चतुष्क,quadrilateral
बेताल,Vetal
बन्धुओं,brothers
प्राधिकारियों,authorities
प्रोटेक्शन,protection
नेन,Nen
व्यंजित,expressed
चिपकाई,stuck
सपोर्ट,support
सैंटा,Santa
न्यूरोसिफलिस,neurosyphilis
पोरी,Pori
कोच्चि,Kochi
वनवासियों,tribals
मिडलैंड,Midland
रुम,room
१२६९,1269
डिजिटल,digital
परिकल्पनाओं,concepts
जम्बुद्वीप,Jambudweep
जिनका,whose
देवगृह,temple
दैत्यराज,demonking
थ्रेडेड,threaded
डेल्यूमिनेटर,deluminator
प्रोद्योगिकियों,technologies
बेसमेंट,basement
ग़ुबार,dust
आइकोनिक,iconic
टोरेंटो,Toronto
मूल्यांकन,evaluation
बृजभूषण,Brijbhushan
अतिवादी,extremist
दीने,Dine
सुरेश्वराचार्य,Sureshwaracharya
सौंपना,assign
अनुलाप,iteration
जूडी,Judy
आरआई,RI
मेघनाद,Meghnad
सिंहासनद्वात्रिंशति,SimhasanDwavatrimshika
पृष्ठ,page
गुर्मीत,Gurmeet
उद्धेश्य,objective
अल्टीमा,Altima
कॆ,ke
कामा,Kama
वेपोराइज़र,vaporizer
उत्सर्गी,dedicated
पहुंचाये,delivered
रोनाल्डिन्हो,Ronaldinho
धुर,core
प्रतिद्वंदियों,rivals
जोया,Zoya
सुभग,charming
बार्का,Barca
कोबर्ग,Coburg
मेइतेइ,Meitei
अंतर्खण्डात्मक,intercontinental
असंक्रामक,noninfectious
नोन,none
रुपिये,rupees
धुआँधार,foamy
हाइपरलिंक,hyperlink
ब्रह्मराक्षस,Brahmarakshas
पंक्षियों,birds
गारुलिया,Garulia
कार्तीय,Cartesian
आकाशगंगा,galaxy
एसपीवी,SPV
बूँद,drop
दाहकर्म,cremation
रूई,cotton
बिठूर,Bithoor
कटाई,harvest
८४६,846
बड़थ्वाल,Barthwal
स्ट्रोकों,strokes
पत्रिकाओ,magazines
संप्रदायी,sectarian
कीवर्ड्स,keywords
बक्सा,box
गोजाल,Gojal
डिस्ट्रिक्ट,district
टेलीनॉर,Telenor
ब्रैंडों,Brandon
विल्हेम,Wilhelm
प्रोबायोटिक्स,probiotics
चलाए,operated
आइसलैण्ड,Iceland
वित्तपोषक,funder
जंगले,forests
पंपास,Pampas
कैथोलिकवाद,Catholicism
चीका,Chika
२६८४,2684
ऊन्होने,they
लिखाने,to write
जेनेरल,General
फस्ट,first
कॉन्स्टेंस,Constance
गंभीर,serious
वांक्षित,desired
डीघ,Deegh
तलवंडी,Talwandi
भेलपुरी,Bhelpuri
हिन्दुत्ववादी,Hindutva
बघारा,Baghara
हरनारायण,Harnarayan
हार्नेस,harness
बिट,bit
असम्बंधित,unrelated
पौइन्ट्स,points
अनुगामी,successor
सिद्धिदात्री,Siddhidatri
पिण्डों,clusters
बंधुवर्मा,Bandhuvarma
११४९,1149
बालोचिस्तान,Balochistan
रोवे,Rowe
कार्लसन,Carlson
कमंडलु,kamandalu
सट्टकों,gambling
शोकगीत,dirge
चारों,all
इमरान,Imran
कोमोरोस,Comoros
बचान,saving
अलभ्य,inaccessible
चमत्कारों,miracles
भेल्डा,Bhelda
२६८५,2685
उत्पलाचार्य,Utpalacharya
चैरिटेबल,charitable
रुचिकर,interesting
अलबरुनी,Al-Biruni
मैन्युफैक्चरिंग,manufacturing
स्फटिकता,crystallinity
आनंदपाल,Anandpal
नजर,sight
ईर्ष्या,jealousy
बांठिया,Banthia
उखाड़,uproot
ग़रीबी,poverty
रोडसिंगर,Roadsinger
अणुओ,atoms
अहिलेसम्म,until now
ऊर्दू,Urdu
दुब्लिश,Dublish
चतुर्भुजों,quadrilaterals
न्युक्लियोटाइड्स,nucleotides
किन्नरी,Kinnari
अनुक्रमिक,sequential
छितकुल,Chitkul
यिंगलक,Yingluck
दोष,defect
लापरवाही,negligence
अरहंत,Arhant
लाइसेंसधारी,licensee
वर्णनात्मकता,descriptiveness
दिवेही,Dhivehi
इसराईल,Israel
नानका,Nanka
कश्ती,boat
कार्डबोर्ड,cardboard
तलवों,soles
मतवादों,ideologies
सातकर्णि,Satakarni
सफा,clean
बछड़ा,calf
लगर,Lagar
दावों,claims
नाइजल,Nigel
घुमन्तु,nomadic
रसगुल्ला,rasgulla
गुलिस्तोन,Gulistan
गूज,echo
जातिगत,caste-based
तिमिर,darkness
सुनीता,Sunita
पुर्नस्थापित,restored
गाँठें,knots
पियरे,Pierre
झुनझुनी,tingling
टोनल,tonal
बर्स्ट,burst
क्षितिमोहन,Kshitimohan
रेमिंगटन,Remington
ओरेनबूर्ग,Orenburg
भक्तिपरक,devotional
टूटन,collapse
पात्रों,characters
सैमसंग,Samsung
प्रतिकर्षण,repulsion
रसगुल्ले,rasgullas
असमान्यता,irregularity
मॉर्डोर,Mordor
अव,now
अथीना,Athena
ग्रीफिथ,Griffith
शिर्षक,title
इतिहासविदों,historians
काफलीगैर,Kafaligarh
gustavo,Gustavo
वेद,veda
प्रयोग,usage
टेक्निक्स,techniques
बावड़ी,stepwell
जिरात,cultivation
zhou,Zhou
बाइजेन्टाइन,Byzantine
ईस्टर,Easter
होतीं,happen
बढ़ोत्तरी,increase
प्रत्यंग,limb
खु़दा,God
पहाड़ों,mountains
मोटोरोला,Motorola
शिरोबिंदु,apex
प्रतिष्टित,established
एकात्मक,unitary
जखर,Jakhar
पूनरासर,Poonrassar
ब्रेनर,Brenner
छपरा,Chhapra
अर्ध्य,offering
गुंडिचा,Gundicha
१८५३,1853
ऑनरेबल,Honorable
टिस्टा,Teesta
निस्संतान,childless
दैविक,divine
भावज,sister-in-law
गोहद,Gohad
एशोसिएशन,association
श्वसनी,bronchus
विनिर्देश,specification
अपनो,own
एम्नियोटिक,amniotic
७३६,736
एर्टेल,Ertel
सौंपी,assigned
आसवनी,Asavani
मूलस्थान,origin
अदूरदर्शिता,shortsightedness
जहिया,Jahiya
हाइड्रेज़ीन,hydrazine
नुकीली,pointed
मोईनुद्दीन,Moinuddin
छपा,published
बिगडने,deteriorate
कृषियोग्य,arable
इलस्ट्रेशन,illustration
कीर्ति,fame
फ्रीक,freak
नजरें,glances
हैबर,Haber
पुनरोत्थान,revival
श्रीलंकाई,SriLankan
फॉरमैट,format
रिक,Rick
२९०१,2901
अधिकारिता,jurisdiction
१५४६,1546
फिलिस्तीनियों,Palestinians
गाउट,gout
रजनीकान्त,Rajnikanth
bengkulu,Bengkulu
थैलोफाइटा,Thallophyta
पच्चीसवें,twenty-fifth
ऑर्बिटर,Orbiter
neodymium,Neodymium
कोर्फू,Corfu
आर्लिंग्टन,Arlington
बिनाका,Binaca
atwood,Atwood
प्राणशक्ति,vitality
पंज,fist
लादने,loading
अनुष्टान,ritual
पुलि,Puli
भजन,hymn
व्लोरे,Vlore
उधमसिंह,UdhamSingh
पुत्रियाँ,daughters
पितृस्थानीय,paternal
समिधा,sacrificialwood
नोटों,notes
पातीं,receive
संश्लेषक,synthesizer
कलाकृतियां,artworks
सौरमंडल,solarsystem
गुरचरण,Gurcharan
विद्युद्विधि,electrochemistry
bursa,Bursa
santo,Santo
जुड़वें,twins
विंका,Vinca
प्लाटिनम,platinum
gene,Gene
डौल,posture
वेल,well
मुर्ती,idol
आक्साइडों,oxides
political,political
अंतःस्राव,secretion
bac,BAC
pangio,Pangio
डेंग,Deng
१४००,1400
डेलो,Delo
शास्त्री,Shastri
ज़ूनोसिस,zoonosis
सनेह,affection
शि‍खर,peak
combustion,combustion
वेदमती,Vedmati
मैरीनेर्स,Mariners
मिसालें,examples
pama,Pama
गाएल,Gael
रफीपुर,Rafipur
clarendon,Clarendon
kedarnath,Kedarnath
हिन्दको,Hindko
enemy,enemy
arenas,Arenas
खितोली,Khitholi
हैनान,Hainan
सेण्ट,cent
१५९३,1593
म्यूरा,Myura
संघनन,condensation
प्रत्यावर्त्य,reciprocal
प्रणालीगत,systemic
निशि,Nishi
stimulating,stimulating
अतियोग,excess
मोइनुद्दीन,Moinuddin
संतो,sages
७९१,791
सिम्पसंस,Simpsons
सुकेन्द्रिक,eukaryotic
जेनोवा,Genoa
वासी,inhabitant
ऋग्वेद,Rigveda
कर्ज़ों,loans
भाशा,language
रेफलेक्टिव,reflective
अर्पिता,Arpita
esophagus,esophagus
पौण्डा,Ponda
मिन्नी,Minni
मुखं,face
यूनिसिस,Unisys
टियोतिहुआकान,Teotihuacan
खेड़े,Khede
प्राक्षेपिकी,ballistics
१०६३,1063
द्रोणाचल,Dronachal
परात्पर,supreme
कोलम्बियाई,Colombian
सिद्धांतत,theoretically
शराब,alcohol
हेरोडोटस,Herodotus
माइक्रोनीशिया,Micronesia
गोश्त,meat
नालंदा,Nalanda
महकमे,departments
अनिर्णित,undecided
स्टीवेंस,Stevens
पकडे,caught
प्रतिवेदित,reported
नेवल,naval
अंगोलाई,Angolan
घूरने,staring
कांगों,Congo
डंडो,sticks
विघालय,school
षोडश,sixteen
विरूपता,deformity
स्नायु,nerve
दर्शाना,display
शुद्धतम,purest
अंतरालीय,interstitial
साइकेडेलिक,psychedelic
ऊनी,woolen
१४३०,1430
गोम्स,Gomes
स्टॉफ़,staff
मणिशंकर,Manishankar
स्री,Sri
राजतंत्रीय,monarchical
बघेलखंड,Baghelkhand
कंसोर्टियम,consortium
किरणो,rays
दिखा,showed
छापे,raids
पेंजर,cage
अनुसंधान,research
खड्डा,pit
११९२,1192
कैमरून,Cameroon
जगथली,Jagathali
बचपन,childhood
जीवनदायी,life-giving
रेगमाल,sandpaper
प्रेतबाधा,haunting
पुराप्राचीन,ancient
विकेन्द्रीकृत,decentralized
प्रगामी,progressive
इण्डियम,indium
जलसंत्रासी,hydrophobic
अर्हत्,worthy
इलेक्ट्रान,electron
बूँदी,droplet
सगे,related
प्रतिभूतियाँ,securities
ह्यूज,Hughes
घुश्मा,Ghushma
९८१,981
पर्वसंधि,joint
मिन्ह,Minh
क्षुधावर्धक,appetizer
माओरी,Maori
प्राकॄतिक,natural
बाईप्लेन,biplane
मुफ़्त,free
तदनुरूप,corresponding
५९३,593
जुंटा,junta
हमेषा,always
पक्का,firm
कर्णावती,Karnavati
निषेधात्मक,prohibitive
नजरिये,perspective
बेबीलोनियन,Babylonian
प्रतिऑक्सीकारक,antioxidant
इष्टदेव,deity
गोकर्णनाथ,Gokarnanath
सियारा,Siara
विल्फ्रेड,Wilfred
कार्यकर्म,program
पूतना,Putana
स्वसिद्ध,self-evident
फ़ैरो,pharaoh
वर्गविहीन,classless
सुराही,pitcher
परिवर्तनकारी,transformative
थककर,exhausted
मिरई,Mirai
नृशंसता,brutality
लेडी,lady
मेहबूब,Mehboob
ब्रह्मोस,BrahMos
क्रमानुदेशन,sequencing
विभिन्नस,various
योसेफ,Joseph
सदीयों,centuries
क्रेस्ट,crest
हरिमन्दिर,Harimandir
लक्ष्मीनंदन,Lakshminandan
गलफड़ा,gill
वनस्पतिज्ञ,botanist
उत्तेजनीय,excitable
तपस्या,penance
विषेश,special
गाहा,Gaha
डोबसन,Dobson
विरंचि,Viranchi
थ्रोइंग,throwing
ओलंपियन,Olympian
स्टायरिया,Styria
तियाही,Tiyahi
कविहृदय,poetic
कंबु,Kambu
तहख़ाना,cellar
सर्व,all
स्वच्छंद,free-spirited
शब्बीर,Shabbir
पैशाचिकी,fiendish
क्लियो,Cleo
फर्शों,floors
महमूदाबाद,Mahmoodabad
क्युएबा,Queba
ओईनवार,Oeinwar
८३०,830
बिठाना,seating
फॉल्स,Falls
महत्‍वपूर्ण,important
चूकती,misses
रुड,Rud
शुजी,Shuji
पिनाराई,Pinarayi
प्रज्जवलित,ignited
रसूल,Rasool
क्रशर,crusher
कवींद्र,Kavindra
गड़बड़,mess
बम्बू,bamboo
नविन,Navin
मोएन,Moen
ऍचडी,HD
मैनहैटन,Manhattan
ब्रजराज,Brajaraj
तय्यारी,preparation
संदूषण,pollution
कम्प्यूटेबिलिटी,computability
नलचरितम्,Nalcharitam
जीवनसंगी,life-partner
धुंआधार,smoky
अवज्ञा,disobedience
प्रणालियाँ,systems
कोपर्निकस,Copernicus
२५९७,2597
पित्तमार्ग,biliary
चौपाए,quadrupeds
प्रस्तोता,presenter
बर्लुस्कोनी,Berlusconi
अश्मरी,calculus
स्टीन,Stein
गजनवी,Ghaznavi
क्रैसक्स,Crasus
अभिजात्य,elite
बोम्बा,Bomba
दंतचक्र,dentition
बौंली,Baunli
५६००,5600
ऐन्कोरेज,Anchorage
व्यवहार,behavior
हरमल,Harmal
कॉर्परेशन,corporation
जुलिया,Julia
मध्यकाय,mesomorphic
श्रुतियों,scriptures
सर्वदमन,Sarvadaman
शिलांग,Shillong
फिनीस,Phineas
आस्की,ASCII
मनोभाजन,dissociation
शरच्चंद्र,SaratChandra
गणपतये,Ganapataye
श्रावकों,laymen
समायोजित,adjusted
इसा,Isa
धैमाड़े,Dhaimade
शाहूजी,Shahuji
लोककवि,folkpoet
अपलिंक,uplink
किकू,Kiku
नादिरा,Nadira
मंगेतर,fiancé
अतिदेश,extrapolation
राठोड,Rathod
अनुष्ठानपरक,ritualistic
गुल्ज़ार,Gulzar
नातू,Natu
अग्रप्रदेश,forefront
फाफामऊ,Phaphamau
लेली,Leli
चिम्पान्जियों,chimpanzees
रिलेशन्स,relations
मधेसी,Madhesi
४३,43
गिजगिजिया,Gijgijia
नवरत्न,Navratna
नस्ट,ruined
दिशाहीन,directionless
नौपरिवहन,shipping
अंशुल,Anshul
माए,Mae
गनना,counting
सोलर,solar
सैम्पल,sample
विस्ता,Vista
अंतरंगता,intimacy
स्नोई,Snowy
घटत्व,density
बाथिंग,bathing
बूझे,quenched
ड्रॉइडफ्लेयर,Droidflare
मंगोलियाई,Mongolian
विश्वघस्त्र,Vishwaghastra
लाइस,Lice
पीईटी,PET
गिनीज,Guinness
हरमायनी,Hermione
हटाते,removing
ठन्डे,cold
रोलबैकर्स,rollbackers
लच्छे,curls
मानती,agrees
छन्दोबद्ध,metrical
सखियों,friends
pigment,pigment
सौपे,assigned
पृथ्वीसिंह,Prithvisingh
गोकलपुर,Gokalpur
तज्जन्य,derivative
चक्कों,wheels
ऊहा,conjecture
पाएँगे,willget
एकांतवासी,hermit
प्रशंसको,admirers
ग्रेगरी,Gregory
भेदोपभेदों,distinctions
गुंजा,Gunja
निकोटीन,nicotine
चेंज,change
अंधकों,darkeners
इवेन्ट,event
सर्वकार्य,universalwork
बरतें,exercise
सांख्यिकीविद्,statistician
रमाबाई,Ramabai
अवसादक,sedative
चरनी,Charny
शब्दशः,verbatim
एप्लायंसेज,appliances
हीडलबर्ग,Heidelberg
अधिमिश्रित,superalloy
सफेदपोश,whitecollar
कोडांतरण,transcoding
इंटरप्राइज,enterprise
एडिटिव,additive
शिरूर,Shirur
titanium,titanium
polite,polite
ऑडिशन,audition
तर्के,arguments
तीर्थस्थल,pilgrimage
संराअमेरिका,USA
दाउद,Dawood
आर्नल्ड,Arnold
अङ्ग्रेजों,Englishmen
शौचालयों,toilets
स्टेथोस्कोप,stethoscope
परमिशन,permission
घरती,Gharti
डायनोसोर,dinosaur
elevation,elevation
अपप्रयोग,misuse
श्यानता,viscosity
fatal,fatal
शाकिब,Shakib
गुमालगाँव,Gumalgaon
अज़रबेजान,Azerbaijan
mucosa,mucosa
गंगोरी,Gangori
प्रस्थ,plateau
आमान,Aman
४५,45
महागणपति,Mahaganapati
निशिकांत,Nishikant
common,common
मेडीसन,medicine
uniquely,uniquely
lite,lite
फलनिक,analytic
सखुजा,Sakhuja
व्याख्याकारों,commentators
समझा,understood
ईण्डीयुम,indium
कार्याधिकार,jurisdiction
बेवर्ली,Beverly
भिखारी,beggar
शिंजो,Shinzo
करम,karma
मोच,sprain
मंडोर,Mandore
रंगरूट,recruit
बोलने,speaking
२५वें,25th
छोड़ना,leave
माइक्रोवैस्कुलर,microvascular
लंबरूप,vertical
ग्लूऑन,gluon
उपलब्धी,achievement
परमाण्विक,atomic
नाइजेल,Nigel
इंटरफेसेस,interfaces
दैनन्दिन,daily
नर्व,nerve
ग्लोबस,globus
डल,dull
गेराल्ड,Gerald
लोककथाएँ,folktales
वास्‍तविक,real
पंगु,crippled
लाकर,locker
जलापूर्ति,water supply
जियाउद्दीन,Ziauddin
केनेथ,Kenneth
ऐनुअल,annual
भूयांत्रिकी,geomechanics
सूर्यलोक,solar world
अध्‍यक्ष,president
१३३६,1336
अटाकामा,Atacama
रामनवमी,Ramanavami
भोलानाथ,Bholanath
व्हाट्स,whats
लौरेंट,Laurent
टेरेरिज्म,terrorism
वैद्युत्‌,electric
चित्तर,Chittar
हेडेन,Hayden
प्रशस्तिपत्र,certificate
तूना,tuna
फुँकनी,blower
जलसेतु,aqueduct
भागती,running
फरनेंडिस,Fernandes
ओक्टेट,octet
ज़ैन,Zain
तिहारे,Tihare
स्पंदनों,vibrations
टकसाल,mint
रज़ावी,Razavi
एसीटोन,acetone
लाइलक,lilac
हनीफा,Hanifa
चतुष्पद,quadruped
इमामशाह,Imamshah
कामिनी,Kamini
परम्‍परागत,traditional
फ़्लिक्कर,flicker
विंशति,twenty
येलोलाइन,Yellowline
मिरिस्टिका,Myristica
जोड़ियों,pairs
आईवाज़ोवस्की,Aivazovsky
इंधनों,fuels
थोलिंग,Tholing
ज्ञानार्णव,Gyanarnav
आसामी,Assamese
लैड,lead
लिखती,writes
स्नेइज्देर,Sneijder
५८००,5800
सिनई,Sinai
सांख्यदर्शन,Sankhya philosophy
निथार,filtration
श्रेष्ट,best
गुटबाजी,factionalism
वैष्णवन,Vaishnavan
स्टीफेंस,Stephens
लोडिंग,loading
एनिमे,anime
कौम्ब,Comb
मावा,mawa
भू,earth
२९१४,2914
चोहान,Chauhan
भूतकालिक,past
रैक्व,Raque
मोत,death
गॄह,house
ट्रॉन,Tron
गोकर्णेश्वर,Gokarneshwar
उदया,Udaya
गरिमामय,dignified
एकबार,once
सिमरा,Simara
पिलायें,give
सब्बीर,Sabbir
८७८,878
सुरीश,Sureesh
जहरीला,poisonous
कुठार,axe
कॉन्फ़िगरेशन,configuration
वेश्या,prostitute
एंटीमनी,antimony
पसीना,sweat
मात्रक,unit
मुख्यमन्त्री,chief minister
लीरा,lira
स्‍वाद,taste
चक्री,cyclone
अत्र,here
अर्द्धशतक,half-century
सदोष,faulty
एमवी,MV
स़हिरों,Sahiron
फाबियो,Fabio
लीख़्टेनश्टाइन,Liechtenstein
अभिकलित्र,computer
पिंडो,Pindo
मंग,Mang
श्रीगणेश,Shree Ganesh
सिसरौ,Sisrau
सुरीली,melodious
भितरकनिका,Bhitarkanika
युद्ध,war
फैज़ाबाद,Faizabad
क्लारेंस,Clarence
क्षेत्रफ़ल,area
आदिकाल,ancient era
झुंड,herd
मांडो,Mando
खुछ,khuch
हिल्सा,Hilsa
सूत्रपात,beginning
अभिव्यंजनावाद,expressionism
अंकटाड,UNCTAD
मोड़ने,bending
टॉक्सिक,toxic
डिस्पर्शन,dispersion
नरसीला,Narsila
जिंकल्या,Jinkalya
फॉर्मेशन,formation
मासौं,Masau
बदा,bound
वैज्ञानिक,scientist
फ्रांसोवा,Francois
अभियोगी,accused
कारमेन,Carmen
अरूणाचल,Arunachal
निशानेबाजों,shooters
वडाली,Wadali
समाजशास्त्रियों,sociologists
एटलेटिको,Atletico
संसंजन,cohesion
स्केल,scale
अादि,beginning
बथौली,Bathauli
टॉमबॉ,Tombow
बुन्देल,Bundel
बिजनौर,Bijnor
केला,banana
मीरीखील,Mirikhil
काॅले,College
पहिला,first
फिल्मायी,filmed
रंगमती,Rangamati
लाइटर,lighter
मेरिन,Marin
परिपक्व,mature
लफ्ज़,word
चिकीत्सा,medicine
अनुभव,experience
बायोकेमिस्ट,biochemist
वरदराजन,Varadarajan
२९,29
रोपनी,Ropani
सौध,Sodh
एंड्रोयड्स,Androids
ट्रांसक्रिप्ट,transcript
असिन,Asin
गुंबददार,dome-shaped
लौवर,Louvre
मुग्धबोध,Mugdhabodh
तात्पर्यटीका,Tatparyateeka
घबराये,anxious
मंडित,adorned
काइट,kite
अंतराष्ट्रिय,international
तपस्थली,meditation site
मिसरा,line
चुनावो,elections
लक्ष्मणगढ़,Laxmangarh
संग्रहाध्यक्ष,curator
हिस्स,part
शापुर,Shapur
पेट्री,Petri
शीर्षकों,headings
वोयस,voice
हस्ताक्षर,signature
टॉपर,topper
अर्धनारीश्वर,Ardhanarishwar
मनोहारी,charming
पढ़ा,read
बोराइड,boride
मोतीचूर,Motichoor
महोली,Maholi
एलिमेंट,element
गौडा,Gowda
मोनोलॉग,monologue
सुसाध्य,achievable
लिपारी,Lipari
जाँघ,thigh
मुदुमलाई,Mudumalai
गुरूडा,Guruda
नजारों,sceneries
पोस्टमॉडर्न,postmodern
राजभत्ता,Rajbhatta
युद्द,war
स्लाइडर,slider
गेरुआ,ochre
वन,forest
ऐप्लिकेशन,application
आईसीसीआर,ICCR
आँदोलन,movement
३६३,363
दक्षिणा,offering
जमशेदपुर,Jamshedpur
विश्वविध्यलय,university
परिवहनों,transports
पाथिक,traveler
रहीं,were
सञ्जय,Sanjay
कार्यप्रणालियां,processes
अतर्कसंगत,illogical
उपसना,worship
पठित,read
स्क्वैश,squash
खम,curve
सराही,appreciated
बनाये,create
मध्यबिंदु,midpoint
भरन,filling
पर्माफ़्रोस्ट,permafrost
बर्कहार्ट,Burkhardt
विधाई,legislative
फिशबर्न,Fishburn
दिगंबर,Digambar
विवरणात्मक,descriptive
महाण,great
बुजुर्गो,elders
एलटीसी,LTC
खांडव,Khandav
युसुफजई,Yusufzai
कम्‍पनियां,companies
आधार,base
सीसीपी,CCP
जयवर्मन्,Jayavarman
जेंग,Jeng
कैरम,carrom
खड़कवासला,Khadakwasla
गोंगोरा,Gongora
होले,Hole
नाभियों,navels
दंडादेश,sentence
महासर्वेक्षक,Surveyor General
रतनकुमार,Ratan Kumar
सब्स,subs
अध्यंकन,review
२९८,298
गोभिल,Gobil
प्वायंट,point
मस्ट,must
दुष्टात्माओं,evil spirits
हिस्टोरिक,historic
एनकॉर,encore
पूर्वाभासी,premonition
प्रकृतिस्थ,natural
अभिघात,shock
करवीर,Karveer
हेमकुण्ड,Hemkund
विषैलापन,toxicity
सिद्धम,Siddham
रोगनिवारण,remedy
बिखेर,scatter
जोधाबाई,Jodhabai
ऐशबाघ,Aishbagh
मारो,hit
सदाहरित,evergreen
अनाक्सीय,anoxic
मुरादनगर,Muradnagar
चपरी,chapri
रंजीत,Ranjit
उद्दिन,Uddin
अभिभाषक,advocate
चैदह,fourteen
नंगल,Nangal
हलाकू,Hulagu
टोने,spells
दाख़िले,admissions
रफीक़,Rafiq
विषपान,poisoning
समचतुर्भुजीय,tetragonal
ओन्टारियो,Ontario
आर्किमिडीज़,Archimedes
उपसम्प्रदाय,sub-sect
ऊर्जाएँ,energies
भिमा,Bhima
घाल,chaos
सप्रयास,deliberate
धुरा,axis
भद्री,Bhadri
हरगड,Hargad
फूटकर,retail
सुजा,Suja
भुला,forgotten
कोटा,quota
अत्याचार,atrocity
रॉबर्टसन,Robertson
पोजिटिव,positive
लूप्स,loops
परसादी,offerings
ब्रह्मज्ञान,Brahma knowledge
गुडापुरम,Gudapuram
कमरो,rooms
सुचिंतित,thoughtful
सीएसए,CSA
वितोरिया,Vitoria
कोंडली,Kondli
पिरामिडों,pyramids
फर्क,difference
सम्मोहन,hypnosis
उपादेयता,utility
कलब,club
अखाडे,arenas
सुधि,awareness
नौका,boat
मिल्ती,found
नूरजहाँ,Nur Jahan
सजिल्द,bound
बैलो,Bailo
मेस्तिजो,Mestizo
मलक,Malak
रिनेसां,Renaissance
फ़्लैट,flat
नुस्खों,recipes
तेरेस्सा,Theresa
साहसी,brave
मुद्राराक्षस,Mudrarakshas
हृद्पात,heart attack
विदुषी,scholar
जर्मी,Germy
कार्यावधि,tenure
सांविधिक,statutory
आसक्ति,attachment
चोली,blouse
कंप्रेस्ड,compressed
ब्याल,Byal
सोपबार,soap bar
धंसी,sunken
सबकुछ,everything
स्वीट,sweet
योजना,plan
पार्सन,Parson
रास्ते,paths
समृद्धता,prosperity
शिवलोक,Shivalok
संबन्ध,relation
डीआरएस,DRS
सुपरनोवा,supernova
सीइंग,seeing
ग्लोबिजराइना,Globigerina
मनोविकार,mental disorder
फिरौती,ransom
अंधेरी,Andheri
खिंचते,stretching
सैले,Selle
मेंडेलीफ़,Mendeleev
बाल्तिस्तान,Baltistan
२४०८,2408
अनुहरण,imitation
ब्योमकेश,Byomkesh
पांच,five
पुत्रान्,sons
आगमों,scriptures
रक्तवाहिनी,artery
नैषधीय,Naishadhiya
दुरी,distance
केशवपुर,Keshavpur
क्वाजुलू,KwaZulu
७७,77
प्रिंटेड,printed
बां,Baan
मिडिल,middle
रहवासी,resident
दृष्टया,visibly
तानसेन,Tansen
वोक्स,Vox
पाचन,digestion
रूकमणी,Rukmani
नहटौर,Nahataur
फ्लेश,flash
कूलर,cooler
प्लक,pluck
टैंक्स,tanks
करनवीर,Karanvir
बढते,growing
स्वच्छन्द,free
टास्कबार,taskbar
नागेन्द्र,Nagendra
फाक्स,Fox
पत्रों,letters
वामनावतार,Vamanavatar
पुल्टा,Pluta
एल्वस,Elvis
समंदर,ocean
न्यायाधिकरण,tribunal
राजस्‍व,revenue
बख्तियार,Bakhtiyar
खांडवप्रस्थ,Khandavaprastha
ब्रूकलिन,Brooklyn
मेनका,Menaka
सौन्दर्यपूर्ण,beautiful
अविभाजित,undivided
बोआई,sowing
पंगसौ,Pangsau
उगम,origin
जैवप्रौद्योगिकी,biotechnology
स्पिरिचुअल,spiritual
रीत,tradition
परिकलित्रों,computers
बण्डल,bundle
उपहार,gift
सासरॅ,Sasara
क्रीटी,Crete
टोलेडो,Toledo
झूँसी,Jhunsi
दोदोमा,Dodoma
देशद्रोही,traitor
अत्यंतनूतन,ultramodern
पोपों,popes
समन्दर,ocean
निश्‍चय,determination
ब्लॉगिंग,blogging
भटकने,wandering
नीग्रो,Negro
रखवाया,secured
कब्जियत,constipation
मैकिन्टौश,Macintosh
अनुष्टुप,Anushtup
जन्मकुंडली,horoscope
धन्वन्तरी,Dhanvantari
सारथि,charioteer
क्वेता,Quetta
तकाकी,Takaki
अज्ञातनामा,anonymous
स्क्वीड,squid
खोज़ा,sought
क्रिएचर्स,creatures
कमरों,rooms
निद्राकर,soporific
परिणामो,results
आं,Aan
माइक्रोसेटेलाइट,microsatellite
बालि,Bali
रेफरेन्स,reference
न्यूक्लियोसाइड,nucleoside
हूआ,happened
हेडलाइन,headline
भग्नावशेषों,ruins
विएर,Weir
मेगाहर्ट्ज़,megahertz
१३९८,1398
जांबाज़,valiant
दावत,feast
बेलदौर,Beldaur
विचारात्मक,ideological
फीयर,fear
दोस्तपुर,Dostpur
सफलताओं,successes
विघ्नहर्ता,Vighnaharta
निप्पोंची,Nipponchi
बर्बरता,barbarity
कनैडियाई,Canadian
पुरातनतम,oldest
केनोपनिषद,Kenopanishad
आयुक्त,commissioner
स्टैम्प,stamp
नित्यप्रति,daily
अमिगा,Amiga
बैक्ड,baked
फकीरा,Fakira
साहित्‍य,literature
पटुवा,Patwa
प्रकार्य,function
बारेमें,about
पढ़ाई,study
बुलाओ,call
पनचक्की,watermill
सति,Sati
प्रत्यंचा,bowstring
बंजारी,Banjari
लहरियों,waves
शाबाश,bravo
घुमंतू,nomadic
क्रीचर,creature
हाइड्रोफोबिक,hydrophobic
सिमल,Simla
कनेक्टिकट,Connecticut
यातनाएं,tortures
रेडा,Reda
परिमाणक,quantum
इस्राएल,Israel
बकले,Buckle
लौकहा,Laukaha
चिन्ताएं,worries
अभिज्ञेय,recognizable
रुन्नी,Runni
अनुगूँज,resonance
कुमुद,Kumud
तुकान्त,rhyming
रामचरितम्,Ramcharitam
निभाना,fulfill
ट्वीड,Tweed
निकटतर,closer
कॉयर,coir
पुँज,mass
कारबंकल,carbuncle
किल्स,kills
पितरो,ancestors
सैनी,Saini
१३६०,1360
कोमिल्ला,Comilla
यथारूप,as-is
जाटलैण्ड,Jutland
ग्रहित,accepted
अर्नाकुलम,Ernakulam
परीक्षित,Parikshit
सुभाई,Subhai
शेखावाटी,Shekhawati
यामागाता,Yamagata
राइटर्स,writers
सिएटल,Seattle
रूपाकार,shape
२९००,2900
नौर्थ,North
कार्टाजेना,Cartagena
ऑगस्ट,August
चम्पावत,Champawat
छिलके,peels
नैफ्थलीन,napthalene
रामचकोर,Ramchakor
अफ़ग़ानों,Afghans
भटकते,wandering
कल्मष,blemish
ब्रीडिंग,breeding
पर्वतारोही,mountaineer
झींगुर,cricket
वि‍कसि‍त,developed
ट्रीटमेन्ट,treatment
लोकसभाध्यक्ष,Speaker
स्काइडाइविंग,skydiving
सुभाई,Subhai
भुरभुरी,crumbly
प्रत्यास्थ,elastic
चिपटी,flattened
आसीन,seated
इज़ार्ड,Izard
तुलिप,tulip
शुंड,trunk
ग्रान्ट,Grant
लुबी,Lubi
क्षतियों,damages
मरणोपरांत,posthumous
क्षत्री,Kshatriya
balboa,Balboa
११८,118
प्लानर,planner
डिस्कस,discus
विद्यावाचस्पति,Vidyavachaspati
पदुमलाल,Padumlala
वोल्क्स्पर्क्स्तदिओन्,Volksparkstadion
नीवं,foundation
अनुप्राणन,animation
गरमाहट,warmth
कलावाद,aestheticism
परासरणीयता,permeability
परान्तक,terminator
खानवा,Khanwa
बनतीं,forming
१५३९,1539
नादर,Nadir
बिंद,dot
अपनानी,adopted
इरासमस,Erasmus
पोतदार,Potdar
अप्सराएँ,apsaras
तीसी,flax
संवाहक,conductor
सदमा,shock
आदेशों,orders
कज़ाख़िस्तान,Kazakhstan
जेरेड,Jared
लिखित,written
लोहार,blacksmith
गंगाएँ,Gangas
जोश,enthusiasm
नदवान,Nadwan
बैटमेन,Batman
इस्का,Iska
जनसंवेदना,public sentiment
डाका,robbery
कम्पाउण्ड,compound
मनीला,Manila
कोडी,Cody
ह्रासकाल,decay
गोरक्षा,cow protection
मोहनबाड़ी,Mohanbari
चालुक्‍य,Chalukya
क्लेमेंट,Clement
रेनल्ड्स,Reynolds
पाँचवे,fifth
मेल्टडाउन,meltdown
ऐमीटर,ammeter
जखीरा,stockpile
सर्वकलाशाला,university
स्वरुप,form
आबादकार,settler
झाग,foam
संवेगात्मक,impulsive
राजकुलों,royal families
नगाँव,Nagaon
थार्नडाइक,Thorndike
शिनचैन,Shinchan
चूकता,misses
गोलन,Golan
कणिकागुल्म,granuloma
वुल्फगैंग,Wolfgang
नागा,Naga
तालाबों,ponds
अनन्यता,uniqueness
अनछुई,untouched
सवालो,questions
एलिज़ा,Eliza
संसेचित,irrigated
विजेताएं,winners
गज,yard
वैलेजो,Vallejo
स्पिटी,Spiti
मानकर,assuming
रामानन्द,Ramanand
सन्दर्भ,reference
सार्वकालिक,timeless
ज़ांस्कर,Zanskar
डोरसेट,Dorset
मर्त्य,mortal
माइ,My
सुक्कुर,Sukkur
वास्कट,waistcoat
पम्पा,Pampa
अल्ट्रासाउंड,ultrasound
इक्केस,twenty-one
मेटलैंड,Metland
विभक्‍त,divided
डेसिग्नेटर,designator
अनंग,Anang
हॉण्डा,Honda
तीक्ष्ण,sharp
ताइपेई,Taipei
बेनिटो,Benito
पाथवे,pathway
बटी,Bati
एमफिल,MPhil
बैरोनेस,Baroness
ज़ाहिद,Zahid
बरई,Barai
वमनकारी,emetic
संजीवी,reviver
श्रुत,heard
रेबिट,rabbit
फैक्टर्स,factors
योगदानकर्ता,contributor
वागड़ी,Vagdi
ब्रह्म,Brahma
अल्पताप,hypothermia
भाड़ी,Bhadi
खोइसान,Khoisan
कंधारी,Kandhari
श्लोको,shlokas
तारयुक्त,wired
गुच्छ,bunch
विलेंडर,Wilander
१२८०,1280
सिडैन,sedan
पाश्चातय,western
प्रेमिएर,premier
ओवरलैंड,overland
उनलोगों,those people
अय्याशी,debauchery
धराशायी,collapsed
इति,thus
विचारणीय,considerable
सिरदर्द,headache
आॅस्ट्रेलिया,Australia
लकोटा,Lakota
अमिटी,Amity
कांसेप्ट,concept
एनवाईसी,NYC
चारुलता,Charulata
क्रेस्टेड,crested
प्रभावित,affected
द्योतित,illuminated
विशेश,special
समृद्धिशाली,prosperous
एग्रीगेटर,aggregator
परित्याग,abandonment
वॉलपेपर,wallpaper
ककरण,formation
भारतं,Bharat
जलूस,procession
महतगांव,Mahatgaon
बुलाती,calling
२५८२,2582
असग़री,Asgari
अधोवर्ती,inferior
गुणग्राही,receptive
बालचंदर,Balachander
सेलेंगे,select
काउन्ट,count
मौत,death
सिद्धनाथ,Siddhanath
७६३,763
ग्वारपाठा,aloe
आइसिस,ISIS
इन्वर्स,inverse
जननक्षमता,fertility
टेंपल,temple
मेवरिक्स,Mavericks
क्रस,cross
स्टाइलिंग,styling
रोल्फ़,Rolf
रोड्स,Rhodes
बैरकें,barracks
क़स्बे,town
वाइड,wide
सियासत,politics
ऑइल,oil
संस्थाएं,institutions
आवश्कताओं,requirements
अमृतराय,Amritrai
कराटेका,karateka
प्रबुद्धता,enlightenment
हँ,yes
कमाल,amazing
सफाईकर्मियों,cleaners
प्रतिबिंबन,reflection
हावड़ा,Howrah
अस्फाल्ट,asphalt
करधनी,belt
९०६,906
अधिप्रमाणन,certification
जलवाही,aquifer
मुआइना,inspection
हैरानी,surprise
नाइजिरिया,Nigeria
स्थलाकृतिक,topographic
कार्यक्षमता,efficiency
रॉस,Ross
ढूँढ़कर,searching
कालेश्वर,Kaleshwar
सिमटने,shrink
ईटीएफ,ETF
बिजासन,Bijasan
नात्सीवाद,Nazism
दायी,responsible
एककोशीय,unicellular
तेमेंगोंग,Temenggong
ग्रीटिंग,greeting
गारो,Garo
टाइल,tile
रानीखेत,Ranikhet
९१,91
दृष्टियों,visions
अश्रुत,unheard
विद्वान,scholar
डोरेमी,DoReMi
ईसीटी,ECT
पनडुब्‍बीरोधी,anti-submarine
कबाबचीनी,cubeb
खुदवाये,engraved
औरंगाबाद,Aurangabad
अस्र,weapon
धकधकी,palpitation
सरे,Surrey
ख़ासकर,especially
कब्‍जे,occupation
जागृत,awakened
सम्मिलनी,convention
लिबेरो,libero
कनाडियन,Canadian
कोशिकाद्रव्य,cytoplasm
स्टीगल,Stiegl
प्रष्ठ,page
संबोधनों,addressing
सट,stick
लहरदार,wavy
वील,veil
बज,budget
तेलगु,Telugu
विएना,Vienna
ज़िबाह,slaughter
फ़ीड्स,feeds
ग्रिगोरी,Grigory
दिलों,hearts
रेडियोलॉजिकल,radiological
१३३८,1338
सताते,torment
अनुरूपण,adaptation
पलड़ा,scale
सामोन,Salmon
अँगुलियों,fingers
लेंसों,lenses
मुक्ति,liberation
समूदाय,community
कन्‍याकुमारी,Kanyakumari
पहुचते,reaching
कीज़लगर,Kieslager
खायें,eat
नाज,pride
खारा,salty
स्वानन्द,Swanand
फिन्स,Finns
मानसिकता,mentality
नीड्स,needs
चक्रव्यूह,labyrinth
गैबरियल,Gabriel
यादाश्त,memory
नाथी,Nathi
ओर्थोगोनल,orthogonal
बाकायदा,properly
महामण्डलेश्वर,Mahamandaleshwar
बेचे,sold
काजीपेट,Kazipet
छुपाता,hides
भुरभुरा,crumbly
वैचित्र्य,variety
हेसिंडा,hacienda
आंत्रनाल,intestine
दस,ten
परऑक्साइड,peroxide
बर्कर्ट,Burkert
पीडि़त,victim
कृष्‍णामूर्ति,Krishnamurti
माँगकर,borrowing
अंगरक्षकों,guards
उपन्यास,novel
प्रकृतिवर्णन,nature
१३३०,1330
ओज़,oz
थायोयूरिया,thiourea
मुबई,Mumbai
वेलर,Weller
आक्रामक,aggressive
जेकेएफ,JKF
पद्मभूषण,PadmaBhushan
एलबर्ट,Albert
आर्यभाषाओं,Aryan
विसजर्न,dissolution
सूत्रग्रन्थों,scriptures
थाइलेसिन,thylacine
पीआरए,PRA
सैना,army
२६७६,2676
मोड़ें,turn
३५००,3500
महंगे,expensive
जामल,Jamal
भोजनों,meals
पिटे,beaten
जोगलेकर,Joglekar
नम्बूदिरी,Namboodiri
पद्धति,method
ब्लैकवुड,Blackwood
जाही,Jaahi
कुतुबद्दीन,Qutbuddin
ब्लूमरी,Bloomery
जगण,Jagan
हर्षा,Harsha
गहलौर,Gahlaur
रेशमकीट,silkworm
अष्टमुडी,Ashtamudi
डिबिया,box
देवगिरी,Devagiri
नक्काश,engraver
हाफिज,Hafiz
गुणो,qualities
अनुशासनपर्व,discipline
नवेले,newcomers
सोनगाँव,Songaon
ह्रौं,hraan
श्वसुर,father-in-law
मंडलियां,circles
धारामान,standard
थिसारा,Thisara
कामिल,Kamil
अष्टांग,Ashtanga
सिंघिया,Singhia
व़िलियम,William
औकारांत,vocalic
कविप्रसिद्धि,poet-fame
जुड़ीं,connected
जलविघटन,hydrolysis
फॉरेंसिक,forensic
अस्वीकार्य,unacceptable
दानशीलता,charity
हलंत,halant
तेलेत्स्कोये,Teletskoye
सन्या,Sanya
मिटाया,erased
कासरगोड,Kasaragod
अंजाम,consequence
डबल्यूसीएफ,WCF
ओक्सिजन,oxygen
गर्रा,Garra
अमलीढोढा,Amalidodha
कुतर्कों,fallacies
लेओनार्डो,Leonardo
कांस्टेबल,constable
राक्षसराज,king-demon
संयन्त्र,device
कविरत्न,poet-gem
गहरायी,depth
संगीतमयी,musical
विराटकायता,gigantism
छन्ने,sieve
पूर्ववती,previous
हेमेन्द्र,Hemendra
वाकिये,incidents
मानवाकृति,human-form
ग्रामस्वराज्य,village-self-rule
पेत्रा,Petra
अनुयायिओं,followers
एथिलीन,ethylene
खेजङी,Khejri
नाही,no
मछुवारों,fishermen
डिस्टल,distal
बुंदेलखण्ड,Bundelkhand
ढील,looseness
करनजय,Karanjay
रेग्मी,Regmi
देमेनतीवा,Dementieva
कैथोगी,Kaithogi
स्फ़ोर्ज़ेस्को,Sforzesco
गिबन्स,Gibbons
ब्रूकिंग्स,Brookings
काराग़ान्दी,Karagandy
रायफलमैन,rifleman
हिपहॉप,hip-hop
फ़ोर्थ,fourth
विद्धि,method
जीविता,life
सोबर्स,Sobers
समस्थानिक,isotope
वादानुवाद,debate
केशिकास्तवक,capillary-bundle
कृष्णदास,Krishnadas
पार्श्ववर्ती,lateral
चराने,grazing
इन्टेलिजेन्स,intelligence
पैट्रिशिया,Patricia
कोयंबटूर,Coimbatore
क़शक़ाई,Qashqai
प्रकाशनाधिकार,copyright
श्लेष्मक,mucous
हिअर,hear
एटली,Attlee
ट्रांस्फ़र,transfer
विलासम,Vilasam
भांडार,storehouse
देवन,Devan
लार्नड,learned
उपेक्षित,neglected
निजामत,Nizamat
शस्त्रास्त्रों,weapons
सुव्यक्त,expressed
फंसा,trapped
रैगर,Raigar
चेदिराज,Chediraj
गिरकर,falling
रिसाल,Risal
तिरूचिरापल्ली,Tiruchirappalli
ग्रहम,Graham
स्म,Sm
दायगो,Diago
लदी,loaded
मोलनिया,Molniya
पाठशालाएँ,schools
बोलिवार्ड,Boulevard
२५,25
बोसवेल,Boswell
स्फटिक,crystal
आरम्भ,beginning
वासवदत्ता,Vasavadatta
दूरी,distance
समीति,committee
हेमरेज,hemorrhage
मध्यस्थ,mediator
विधुत,electricity
गनी,Gani
तात्त्विक,philosophical
एकनाथ,Eknath
नाकाडा,Nakada
मुअन,Muan
सिन्त्रा,Sintra
फरगाना,Fergana
९०५,905
ईंधनों,fuels
मूहूर्त,auspicious
एच,H
आरसीबी,RCB
घुमाएं,rotate
प्राकट्य,manifestation
सेरापियम,Serapeum
लामार्क,Lamarck
ग्रीष्मसमय,summertime
ऊष्ण,hot
चौथा,fourth
विभावना,potential
कराधान,taxation
आयोडीन,iodine
डेडपूल,Deadpool
टीपीजी,TPG
लिलेहेई,Lillehei
योगानंद,Yogananda
वैस्टरबाटन,Västerbotten
रामपति,Rampati
तीखुर,Tikhur
टॉरस,Taurus
ट्रांजैक्शन,transaction
दण्डाणु,bacteriophage
खैरात,charity
ग्लोव,glove
दिखती,appears
रावड़ी,Rabri
सेराचक,Serachak
साम्प्रदाय,sectarian
रोगोत्पत्ति,pathogenesis
रेलमंत्री,RailwayMinister
तरी,method
विवर्तवाद,Vivartavada
महाबीर,Mahavir
१९९५,1995
फतेहगढ़,Fatehgarh
गुणधर्मो,properties
वितान्यता,extensibility
मोरादोगडा,Moradogada
आम्बोन,Ambon
एयरपोर्ट,airport
उतपादन,production
कूष्माण्डा,Kushmanda
नन्दनी,Nandini
पूर्वपुरुषों,ancestors
प्रेम्ना,Premna
अपरिवर्तनीय,immutable
स्थलचर,terrestrial
बांटना,distribute
कौसर,Kausar
तावीज़,amulet
अप्रकट,unmanifest
रेजिमेण्ट,regiment
जरा,aging
केर,Care
बदलने,changing
कोवनन्टस,Covenants
परागकण,pollen
१७३६,1736
पार्कसाइड,Parkside
लोककाव्य,folkpoetry
डीकंस्ट्रक्शन,deconstruction
जीनस,genus
ह्रासमान,depleting
उनतालीस,thirty-nine
बदले,instead
६,6
वामन,Vamana
संवर्धक,enhancer
जलमहल,Jalmahal
पीआईडी,PID
दक्षिणपंथी,right-wing
ट्रोपोकोलेजन,Tropocollagen
झखराहा,Jhakharaha
पब्लिअस,Publius
उच्चावचन,pronunciation
मुद्रायें,currencies
चतुरंगिणी,Chaturangini
ख़िलजी,Khilji
नृत्यों,dances
२३२८,2328
दर्द,pain
सांश्लेषिक,synthetic
तत्त्वावधान,Tattwavadhan
डींग,boast
भ्रूणीय,embryonic
गुजरने,passing
आन्य,Aanya
रूपांतरित,transformed
बाते,conversations
पाठ्यआंतर्गत,syllabus
चुडैलें,witches
झूमने,swaying
बपौती,inheritance
युगलबंदी,duet
अन्तर्दृष्टि,insight
डीऑक्सीराइबोन्यूक्लिक,Deoxyribonucleic
नैनोट्यूब,nanotube
सहायताओं,aids
रोपवे,ropeway
स्काइ,Sky
बूटी,herb
किशोर,adolescent
क्वालीफाइंग,qualifying
पेनाल्टी,penalty
अल्टीमेट,ultimate
दुर्दी,Durdi
परिकलक,calculator
हिंगलाज,Hinglaj
दरिद्रों,poor
लोबार,Lobar
सूक्ष्मतरंगी,microwave
नवाबशाह,Nawabshah
आद्यमुखी,Aadyamukhi
रैडक्लिफ,Radcliffe
रिमोट,remote
स्ट्रेटीग्राफी,stratigraphy
थमने,stopping
जैतूनी,olive
चढ़ी,climbed
ताऊपो,Taupo
कोशिकाविज्ञान,cytology
रुड़की,Roorkee
किलिनोच्ची,Kilinochchi
बंटता,distributed
इटिंग,Eating
धूणी,Dhuni
व्यत्यय,interference
व्हेलों,whales
विराजित,enthroned
वूलन,woolen
नाड़ियों,nerves
लल्ला,Lalla
शैलखंड,rock
एयरलाइनरों,airliners
निकोलाउ,Nikolau
उत्तरजीवन,afterlife
आत्मग्लानि,remorse
बब्बनलाल,Babbanlal
कार्यान्यवन,implementation
सिरध्वज,Sirdhwaj
पब्लीकेशन,publication
प्रमेय,theorem
व्हीलबेस,wheelbase
नागकन्या,Nagkanya
ठंडी,cold
होल्म,Holm
क्वार्टज़,quartz
सक्ती,Sakti
भला,good
संभारतंत्र,nervoussystem
टूट,broken
जाजू,Jaju
सूर्यवर्मन,Suryavarman
साहेबपुर,Sahebpur
आयास,Aayas
नागालैण्ड,Nagaland
बढ़ाएगी,increase
हार्डकोर,hardcore
कालौ,Kalau
गुणाढ्य,Gunadhya
कुना,Kuna
परक्राम्य,negotiable
पर्वतनिर्माण,mountainformation
पकाता,cooking
सर्रा,Sarra
अनुप्रास,alliteration
वायाकॉम,Viacom
वुमेन्स,womens
लघुपथ,shortpath
गुमानी,Gumani
ब्रोका,Broca
भूगोल,geography
एंडोजेनस,endogenous
गठान,knot
रिको,Rico
बोरिवली,Borivali
फुलीय,Fuliya
संयोजन,composition
हेस्से,Hesse
गेलोर,Gelor
विर्दी,Virdi
बदौलत,becauseof
अनुवादों,translations
शाश्वतता,eternity
पोती,granddaughter
plague,plague
चकराता,Chakrata
गान्धर्व,Gandharva
earthquakes,earthquakes
ओसबौर्ने,Osborne
widget,widget
बुख़ारों,fevers
कार्यमुक्त,retired
commanders,commanders
खोदे,dug
पाक़ीज़ा,Pakeezah
मिशनरियों,missionaries
वृक्ष,tree
शुमाल,North
सीआईए,CIA
प्लुनकेट,Plunkett
बर्तुलाकार,circular
हरिकिशन,Harikishan
प्रति‍शत,percentage
कारिका,Karika
नाइटमेयर,nightmare
रुक्मिनी,Rukmini
निकलसन,Nicholson
इन्सानियत,humanity
फ्रेडरिच,Friedrich
बेकल,Bekal
अर्थशास्त्र,economics
भानुप्रिया,Bhanupriya
अनुष्ठान,ritual
हरिपाल,Haripal
स्क्रिन,screen
सेबस्टियन,Sebastian
ओड़व,Odav
१८७,187
अमृतराज,Amritraj
कोयम्बटूर,Coimbatore
एथेनियाई,Athenian
अलसी,flax
प्रतिक्रियात्मक,reactive
क्रोम,chrome
संगमरमरी,marble
विचारणा,concept
जौहरी,jeweler
श्रीकुमार,Shrikumar
आपनो,yours
ज़हले,Zahle
रेटिंग,rating
अलगाववाद,separatism
कोडगु,Kodagu
निर्दलीय,independent
चनौदा,Chanoda
मकरध्वज,Makardhwaj
सर्जनात्मकता,creativity
आहर,intake
कोशर,kosher
उषाकाल,dawn
बहुकोणीय,polygonal
अण्डाकार,oval
पूर्ववर्तिता,precedence
माइकेलसन,Michelson
पिज़्ज़ा,pizza
एक्ट्रेस,actress
वाष्पित्र,evaporator
मुगलसराय,Mughalsarai
खरोच,scratch
विन्सेंट,Vincent
सुलझाते,solving
बिलियम,Billiam
स्काईलाइन,skyline
शिवदेसानी,Shivdesani
बिष्णु,Vishnu
पूर्बी,eastern
फेसबूक,Facebook
कुआनो,Kuano
२६२१,2621
अदबी,literary
उतरा,descended
नीरसता,monotony
मावलों,Mavals
अवसर्पिणी,descending
मँजी,polished
हाईड्रॉक्साइड,hydroxide
शुल्ट्ज़,Schulz
मालाणी,Malani
दशार्ण,Dasharna
सूर्यकलंक,sunspot
बेसुरी,tuneless
मुख्यधारा,mainstream
इतमानिया,Itmaniya
तृतीय,third
१११७,1117
अंतर्कपालीय,interlaminar
खरीदो,buy
गीगी,Gigi
वेषधारी,disguised
शैवालों,algae
नाटकीय,dramatic
होक्ज़ा,Hokza
तंत्राश,systemic
मृत्यूपरांत,posthumous
प्रतिधारित,retained
आत्मीयता,intimacy
उन्नी,Unni
अलेक्षन्देर,Alexander
चित्रांकन,illustration
जबड़े,jaws
ईएमयू,EMU
कुह्न,Kuhn
चिडी,Chidi
जातीय,ethnic
बँटा,divided
मोगादीशू,Mogadishu
मणीन्द्र,Manindra
अनुसूचक,index
तल्लागाँव,Tallagaon
रामानुजाचार्य,Ramanujacharya
चैत,Chait
गोन्ना,Gonna
फ़ातिहा,Fatiha
मॉड्यूलेट,modulate
सैलाब,flood
उफ,ugh
संबधों,relations
चक्र,wheel
१७२९,1729
मनोहर,Manohar
टैंटेलम,tantalum
ज़ुबिन,Zubin
चढने,climbing
दोहरावपूर्ण,repetitive
गिरीशचंद्र,Girishchandra
विवर्तन,diffraction
डिग्रीयां,degrees
ग़ोरियों,Ghoris
सेनेट,senate
भार्या,wife
इनर्जी,energy
नीता,Neeta
भौजी,Bhauji
बीरू,Biru
भड़का,ignited
शक्तिपीठों,Shaktipeeths
कमिंस,Cummins
पूछना,ask
चमकौर,Chamkaur
मशरक़ी,Mashraqi
स्था‍पित,established
निमकी,Nimki
क्षमायाचना,apology
सुखीराम,Sukhiram
तीक,Tik
सजाए,decorated
धर्मियों,religious
चावल,rice
मेट्रा,Metra
आशु,Ashu
असार,Asar
त्यों,therefore
पचासवां,fiftieth
मतों,votes
बीथोवेन,Beethoven
दीप्ती,Diapti
शख्स,person
अनुवाद,translation
मन्तव्य,opinion
इंपायर,empire
छाता,umbrella
समस्याग्रस्त,troubled
चलती,moving
बंडोल,Bandol
स्टेनलेस,stainless
कार्यशालाएँ,workshops
प्राच्य,oriental
ब्रह्मचारियों,celibates
डुबाना,drown
नलियों,tubes
दुदली,Dudli
किक्स,kicks
फालन,Falan
न्युमेटिक,pneumatic
लक्ष्मीविलास,Laxmivilas
वाटरहाउस,Waterhouse
ख़ासियत,specialty
चूमते,kissing
सिनेरिया,Cineraria
बिछाया,laid
फिनट्राका,Fintraca
फिसलते,slipping
हरिमंदिर,Harimandir
मिकोयान,Mikoyan
बातो,talks
नई,new
गावो,Gavo
पुन,again
बर्नार्डो,Bernardo
गादी,throne
पहुँची,reached
कुरुप,Kurup
इलेक्ट्रोस्टाटिक्स,electrostatics
गर्भावस्थाओं,pregnancies
वितृष्णा,disgust
फ्लशिंग,flushing
बीस,twenty
संबंधित,related
झटके,shocks
विंध्यांचल,Vindhyachal
पेरिटोनिटिस,peritonitis
प्रयोजित,sponsored
थरमामीटर,thermometer
रोस्स,Ross
इलिनॉइस,Illinois
टा,Ta
सरकाने,shifting
अनाइट्रीकरण,denitrification
वस्त्र,clothing
स्ट्रोन्शियम,strontium
क्लीवलैंड,Cleveland
चलचित्र,cinema
डेजी,Daisy
गन्धमादन,Gandhamadan
आद्र्र,moist
आलोकित,illuminated
गॉगल्स,goggles
निपटाए,handled
खंदक,trench
भैंसें,buffaloes
प्रत्यायोजन,delegation
उपद्वीप,subcontinent
न्यूरोलॉजी,neurology
१४४१,1441
प्रतिनिधिक,representative
असफ़ल,unsuccessful
धर्मसूत्र,Dharmasutra
ज्यूसेपे,Giuseppe
बहका,distracted
वाल्मीकि,Valmiki
कपाली,Kapali
आईटीसी,ITC
आक्सीकारक,oxidant
प्रयासों,efforts
कालानी,Kalani
तिथिपत्र,calendar
स्ट्रा,straw
लोम्बार्डी,Lombardy
प्रतिरोधक,resistant
कालिंदी,Kalindi
२९७९,2979
देवी,Devi
बूढ़ों,elders
मेट्रोरेल,MetroRail
अण्डेमान,Andaman
दमण,Daman
पारिभाषित,defined
पैथोलॉजी,pathology
करवाचौथ,KarvaChauth
फ्यूजलेग,fuselage
मन्तर,mantra
पगडी,turban
भद्रकाली,Bhadrakali
डॅस्कटॉप,desktop
वोर्ल,World
गोलकर्ता,scorer
करकूक,Kirkuk
उलझन,confusion
कमर्चारियों,employees
२३,23
फेंडर,fender
चक्रबर्ती,Chakrabarti
हाउसबोट,houseboat
२०९४,2094
अंर्तगत,included
जनबल,manpower
चंद्रनाथ,Chandranath
हत्याकाण्ड,assassination
सोचती,thinks
प्रयोगस्थल,laboratory
बानी,Bani
कलमी,grafted
केशसज्जा,hairstyling
शूरवीरता,bravery
च्यू,Chu
पडता,falls
गोबिन्दपुर,Gobindpur
पठति,reads
अजमीढ़,Ajmidh
वॉयेज,voyage
नियंता,controller
गोरस,milk
जगाये,awakened
नलिकाएँ,tubes
नाकाम,failed
मराज़,Maraz
चिल्लाओ,shout
कौतल,Kautal
टॉन्सिल्लितिस,tonsillitis
खूंटी,peg
गुजरा,passed
ध्रुवदेवी,Dhruvadevi
पिंडिका,calf
मीठी,sweet
पिरिडीन,pyridine
फ्लॉयड,Floyd
महाशक्तियों,superpowers
बूंदें,drops
अनुरूपता,conformity
महामारी,pandemic
प्लास्टिबेल,Plastibell
सकूं,peace
मश्क़,bag
चैन,relief
डॉटर,daughter
कोरैया,Koraiya
कुदरत,nature
सामाग्री,material
२२७९,2279
म्यर्तले,Myrtle
फला,blossomed
बिन्दास,carefree
विषमय,uneven
इंस्ट्रुमेंटल,instrumental
घोड़ियों,mares
गुडिया,doll
ओरिजिन,origin
गलनी,melting
मरीच,Marich
बोएर,Boer
छड़,rod
ट्रोट,trot
७५वें,75th
न्यायपूर्वक,justly
गिलट,gilding
मधुलिका,Madhulika
विकासोन्मुख,developing
जीएसके,GSK
कठगुलाब,Rosewood
जखोली,Zakhuli
ज्यादा,more
इनकोडर,encoder
अग्निकांड,fire
कोर्बिन,Corbin
सूचियों,lists
रोमवासियों,Romans
अनुछेद,paragraph
निष्पत्ति,outcome
माँसाहारी,carnivorous
बुलेवार्ड,boulevard
चिथड़ा,tatter
इंस्टीच्यूट,institute
चाकू,knife
मानद,honorary
केण्ट,Kent
नायक,hero
बहुपुटीय,multisheet
आकिलखान,AkhilKhan
छींग,sneeze
इंदुमती,Indumati
कोलफील्ड,coalfield
फीबी,Phoebe
चांपानेर,Champaner
ल्युपस,Lupus
हवलदार,Havildar
लल्लू,Lallu
गियासुद्दीन,Giyasuddin
ब्युस्केमी,Buscemi
अभिसमय,convention
जमीनी,grounded
प्रयोजना,project
शुष्कता,dryness
पीरज़ादा,Pirzada
बदनीयती,malintent
गणेशशंकर,GaneshShankar
जयमंगला,Jayamangla
प्रबंधों,managements
कांति,Kanti
रॅफल्स,Raffles
नाती,grandson
निर्वासित,exiled
अनिता,Anita
कुच्ह,some
धुबरी,Dhubri
बिनेश्वर,Bineshwar
सायर्टिस,Syrtis
ख़ाका,sketch
मुर्गियों,hens
प्रेक्षागृह,auditorium
पुकार,call
लहलादपुर,Lahladpur
बङा,large
वल्लभभाई,Vallabhbhai
नखत,Nakhat
मोनिटरिंग,monitoring
श्रीनारायण,Shrinarayan
वकतव्य,statement
फिक्स,fixed
स्कूटरों,scooters
पोथिंग,Pothing
ज़ू,zoo
एटॉमिक,atomic
राजापुर,Rajapur
वाग,Vag
कुण्डों,ponds
२१५७,2157
जनहित,publicinterest
संस्थापकों,founders
दौड़ों,races
अग्निहोत्र,fireworship
पेकवार्स्की,Pekwarski
खदाने,mines
आंध्रा,Andhra
क्यूटा,Quta
कुंडलियां,horoscopes
कृष्णागिरी,Krishnagiri
हस्तलेख,handwriting
चिलमन,curtain
प्रतिद्वंद्वियों,rivals
दमयन्ती,Dayamanti
गंगवाड़ी,Gangwadi
नागरिक,citizen
रखवाला,guardian
बोसॉन,boson
मूषा,crucible
कवियत्री,poetess
जोड़ना,add
मौनवंश,silent
छींटे,splashes
एक्टर्स,actors
ब्लेड्स,blades
बोटों,boats
एपिडेमियोलॉजी,epidemiology
फेजी,fuzzy
लेदर,leather
प्रत्याशित,expected
नीडम्,Needham
कार्टोग्राफी,cartography
अनिवासी,nonresident
कराया,arranged
लेजर,laser
४४५,445
अयुर्वेद,Ayurveda
सोमरविल,Somerville
अर्कान्तोस,Arkantos
हाइकु,haiku
एंडीज़,Andes
उमाकान्त,Umakant
फ्रिट्ज,Fritz
समस्यात्मक,problematic
स्पाइडर्स,spiders
चेन्नै,Chennai
अवरोही,descending
कश्चिद्,someone
अनार्य,non-Aryan
फिरोज,Firoz
टॉक्सॉयड,toxoid
थके,tired
हमले,attacks
टोमैटोस,tomatoes
अंतर्दहन,combustion
कमलिया,Kamaliya
दवे,Dave
एष,this
नायका,Nayaka
वीस,twenty
जीत,victory
ईस्ट्रोजन,estrogen
चरखी,spinning
साम्राज्यवादियों,imperialists
हैंडसेटों,handsets
जहा,where
समन्वय,coordination
कर्ली,curly
प्रविष्टि,entry
तरलीकृत,liquefied
मैसेजिंग,messaging
दनकौर,Dankaur
शल,Shal
दासत्व,slavery
चंदेल,Chandel
मुत्तू,Muttu
शकुन्त,Shakunt
क्लास,class
ठकुरी,Thakuri
जाँचों,inspections
चड्डी,shorts
महाज्ञान,greatknowledge
चतुरानन,Chaturanan
रुद्रदमन,Rudradaman
ऑनर,honor
नंदिगाम,Nandigam
प्रेसिजन,precision
एनआईआईटी,NIIT
कॉलिंग,calling
फ़िज़िकल,physical
माइक्रोप्रोसेसर्स,microprocessors
अरान,Aran
हाजिरी,attendance
क्लेरेंस,Clarence
लिनेक्स,Linux
मीरो,Miro
कलुषित,tainted
जलाल,Jalal
गंवा,lost
सांसदों,MPs
दांई,right
रोथ्सचाइल्ड,Rothschild
अलथुसे,Althusser
नर्सों,nurses
अटैची,attache
आइलैंडर,islander
स्विफ्ट,swift
प्रैरी,prairie
अज्ञानकोशीय,ignorant
धपोला,Dhapola
उपसंघ,subunion
व्यतिक्रम,anomaly
सयानी,wise
नागौर,Nagaur
पंच्ड,punched
कराके,shivering
विसंगतियां,inconsistencies
अंतरराज्यीय,interstate
सुजीत,Sujit
असदाबाद,Asadabad
आंटलजी,Antalji
राजधानियों,capitals
परमाणुभार,atomicmass
रुद्राक्षि,Rudrakshi
सृजनपीठ,creationseat
अग्रचर्वणक,premolar
टेन्सर,tensor
ठेंगड़ी,Thengdi
गुरुता,gravity
षड्गुण,sixfold
धातुमल,slag
आत्मकथा,autobiography
अर्धशुष्क,semiarid
सदा,always
व्युत्पत्तियों,etymologies
इसबगोल,psyllium
मापदंडो,standards
वृन्द,group
साक्ष्यों,evidences
मॉनिटर,monitor
यिप्पियों,Yippies
दातागंज,Dataganj
पर्वतारोहियों,climbers
चिंचपोकली,Chinchpokli
कारागार,prison
चक्रतीर्थ,Chakratirth
एहसानात,favors
९६३,963
उपपति,deputy
धान्य,grain
पितृत्व,fatherhood
कुलिक,Kulik
बारिक,thin
वेजेज,wages
जन्मा,born
छाते,umbrellas
तहसीन,Tahseen
गयीं,went
भटक,wander
गोफन,sling
तेलंग,Telang
बार्सिलोना,Barcelona
बायोइनफॉरमैटिक्स,bioinformatics
सस्टेनेबिलिटी,sustainability
नायनमार,Nayanmar
रामेश्वरी,Rameshwari
मध्यश्लेष,interstitial
वननीति,forestpolicy
सोफ़ी,Sophie
मंगलौर,Mangalore
वृद्धजन,elderly
गुणित्र,multiplier
प्राणहिता,Pranahita
स्कैली,Scally
म्युटान्स,mutants
नोल,Noll
अज़रबैजान,Azerbaijan
बुकमार्कलेट,bookmarklet
उच्चवेग,highspeed
दुर,distant
अशुद्धियां,impurities
सावरकर,Savarkar
ड्रग्स,drugs
झाँकियाँ,tableaux
प्रवर्द्धन,promotion
इर,Ir
फेरकर,turning
सूइयों,needles
मौखिक,oral
तेंग,Teng
१९२२,1922
प्रिंसटॉन,Princeton
बौछारों,showers
चिन्तनशील,thoughtful
पर्शियन,Persian
खतौनी,landrecord
अतार्किक,illogical
शती,century
मैनर्स,manners
लेफ्टी,lefty
संयम,restraint
बावडियों,stepwells
मृतात्माओं,spirits
नरसापुर,Narasapur
नाइट्रीकरण,nitrification
धूम्रपान,smoking
इन्टरप्रेटर,interpreter
डिज़ाइनर्स,designers
ओक्लाहोमा,Oklahoma
तैराकी,swimming
पैठी,penetration
कैरोल,Carol
प्रतिक्रियाओं,reactions
मेडिया,media
खलनायकी,villainy
फ्रांज़,Franz
स्वादों,flavors
नामचीन,famous
प्रस्फुटित,bloomed
शुभा,Shubha
समत्व,equanimity
डिपोजिट,deposit
बारेन्त्स,Barents
कोणे,corner
बेदखल,evicted
प्रवाहमान,flowing
कांडला,Kandla
एडेलमैन,Edelman
उष्णकटिबंधीय,tropical
सुमेरियाई,Sumerian
मिहिरभोज,Mihirbhoj
तुरफ़ान,Turfan
बेहूदा,ridiculous
पालने,cradle
यामल,Yamal
ब्रायोफाइटा,Bryophyta
ढूँढ़ने,search
प्रकृतियों,natures
सुनिये,listen
वीसीडी,VCD
साहित्यदर्पण,Sahityadarpan
तत्कालिन,contemporary
ग्लासों,glasses
यों,thus
साँप,snake
जये,Jaye
तकनीके,techniques
तिलकरत्ने,Tilakaratne
२८८१,2881
सूतों,threads
विलकिन्स,Wilkins
गोलकोंडा,Golkonda
ऑलमाइटी,Almighty
रिकल,recall
टिस्को,TISCO
खमण,Khaman
तानों,taunts
राजपुतो,Rajputs
सब्रिदो,Sabrido
योंट,Yont
थ्रोम्बी,Thrombi
दुबला,thin
१३६२,1362
लपटों,flames
झुइरुई,Zhuirui
भविष्यवाणियां,predictions
संगीत,music
पेत्रो,Petro
प्रयोजनीय,applicable
विद्यार्थी,student
२६६३,2663
डाक्ट्रेट,doctorate
आन्दोलनकारी,revolutionary
मत्कुणगण,bedbugs
कुँवारा,bachelor
डैलस,Dallas
पिछले,previous
बताय़ा,told
मोज़े,socks
हरिसिंह,Harisingh
काशीपुर,Kashipur
बहुविकल्पी,multiple-choice
घुंघराले,curly
सिरीज़,series
डीएपी,DAP
वित्तिय,financial
बारगल,Bargal
ओस्मियम,Osmium
१६९८,1698
लुआंग,Luang
पोंटे,Ponte
आप्लावन,flood
माद्यम,medium
फ़ोटोशॉप,Photoshop
फ़ुर्सत,leisure
आसुरि,Asuri
तलकर्षण,traction
तानना,stretch
खेता,Kheta
इमैनुएल,Emanuel
तमीज़,manner
चार्टेड,chartered
कॉस्ट्यूम,costume
कासी,Kasi
पिक्सी,pixie
मोनेट,Monet
देंखें,see
फटने,burst
सौगन्ध,oath
ज्‍वर,fever
ऑफ़शोर,offshore
समाजवादियों,socialists
दुगर,Dugar
महाबन,Mahaban
एडस,AIDS
सकती,can
क्रियाशील,active
अनुगत,submissive
निस्वार्थ,selfless
क्षेपक,projectile
दस्‍तावेज,document
पातलू,Patlu
सोलहवीं,sixteenth
गै़ब,disappear
अवांछनीय,undesirable
करप्ट,corrupt
द्वारक,Dwarka
देशज,indigenous
चटाई,mat
शिनिची,Shinichi
एमटीपीए,MTPA
श्रेणी,category
स्ट्रैटजी,strategy
मत्थे,forehead
शिवांगी,Shivangi
लुमडिंग,Lumding
लटकते,hanging
बेर्थोल्ड,Berthold
उद्भट,Udbhata
धर्मपत्नी,wife
बरामदगी,recovery
२०वें,20th
मेनचेस्टर,Manchester
जूही,Juhi
वाइव्स,wives
सिराजुद्दौला,Siraj-ud-Daulah
तरीके,methods
बिल्कुल,absolutely
यशोवर्मन,Yashovarman
भाववाहक,carrier
योगानन्द,Yogananda
मूर्त,idol
राजपुताना,Rajputana
मांसाहार,non-vegetarian
अदावत,enmity
कपुलिंग,coupling
लिंगा,Linga
कुतुबनुमा,compass
तया,determined
इतर,other
नरसिम्हा,Narasimha
गैस्ट्रुलेशन,gastrulation
रोबो,Robo
माइक्रोएन्वायरमेंट,microenvironment
सांय,evening
इछावर,Ichhawar
सौरा,Saura
गणि,Gani
मुशरान,Mushran
राज,kingdom
काम्य,desirable
राजत,Rajat
राइख,Reich
मधेशी,Madeshi
पॉलिसियों,policies
चैत्र,Chaitra
भीमगढ,Bhimgarh
कुबेरपुर,Kuberpur
समीक्षाएं,reviews
सिकुड़ा,shrunk
स्टोंस,stones
वादों,promises
ओवल,oval
कीत्स,Keats
मैकलेन,Maclean
ट्रांसफाॅर्मर्स,Transformers
आचमन,ritual
बहकावे,deception
लार्टर,Larter
बिछाना,spread
चटपटा,spicy
पार्टिशन,partition
गट्ठर,bundle
करेंगें,will do
डेनी,Denny
ड्रिंकिंग,drinking
वस्तुकला,architecture
कासरकोड,Kasaragod
श्वानीय,canine
देयर,there
आशावान,hopeful
तैयारियां,preparations
लोकतंत्रों,democracies
ओडीसियस,Odysseus
बर्नबू,Burnbu
विचित्र,strange
अन्योन्य,mutual
शंकरपुर,Shankarpur
एम्प्री,EMPRI
शतद्रु,Satadru
प्रगतियों,progresses
बायलर,boiler
फीचरों,features
किलिंग,killing
प्रोत्साहक,encourager
प्राध्यापक,professor
उगलिया,Ugaliya
मानववादी,humanist
इंस्टालर,installer
विक्रमशिला,Vikramshila
सुगन्ध,fragrance
विज्ञापनों,advertisements
तापविद्युत,thermoelectric
सांद्रण,concentration
सीवा,Siwa
चकवाल,Chakwal
स्टडी,study
इंट्रामस्क्युलर,intramuscular
जबलपुर,Jabalpur
जिप्स,Gyps
जाहिरा,Zahira
सिमाली,Simali
वैलेंटिनो,Valentino
नामांकन,enrollment
एडिटर्स,editors
अभिव्यक्ति,expression
मीमांसा,interpretation
अनियमित,irregular
बग़ावत,rebellion
सलवटें,wrinkles
पीड़ादायक,painful
नमस्कार,greetings
फेंटी,whisked
सह्यता,tolerance
वेबस्टर,Webster
रॉकेटों,rockets
पीडिया,Pedia
काल्डवेल,Caldwell
म्यूट,mute
ठोढी,chin
जानेके,gone
निशुल्क,free
कव्वाली,qawwali
रँगे,colored
बोलियों,dialects
ट्रूपिंग,trooping
लिवोफ़्लॉक्सासिन,levofloxacin
किमी/घंटा,km/h
अहो,alas
अरुणाचल,Arunachal
जुडोगी,judogi
छोटानागपुर,Chotanagpur
कमेंट,comment
हेला,Hela
शाहदरा,Shahdara
परन्तु,but
मचाई,raised
पियाज़ा,piazza
पोना,Pona
बागानों,plantations
टीकाएं,vaccines
हेक्स,hex
विराजे,seated
गया,went
इथेनोएट,ethanoate
रीसस,rhesus
उदघोषक,announcer
मटकिना,Matkina
कमन,common
विस्तरित,extended
फिअर,fear
फैलनेवाला,spreading
करून,Karun
मिस्सी,Missy
बचाएं,save
डफ़ी,Duffy
इरिडियम,iridium
बैकल्युंड,Backlund
प्राची,Prachi
क्लैंस,clans
काँचों,glasses
रामायणकाल,Ramayana
कत्थक,Kathak
दुशासन,Dushasan
बकाइन,lilac
माडगूलकर,Madgulkar
मेलाटोनिन,melatonin
वेबसाइट,website
दीपू,Deepu
कक्षायें,classrooms
ननों,nuns
सेटिंग,setting
चिठ्ठी,letter
कोलंबिया,Colombia
कमलाबारी,Kamalabari
सतसइयों,Satsaiyon
कीपैड,keypad
खाल,skin
ॠतु,season
कैलीफ़ोर्निया,California
डॉनी,Donnie
रिलेशनल,relational
ज़ाफ़र,Zafar
परंपराएं,traditions
एमिनोग्लाइकोसाइड्स,aminoglycosides
अंटोनियो,Antonio
खिताबों,titles
रोयाल,Royal
३१००,3100
तेज़ुका,Tezuka
हाइड्रॉक्साइड,hydroxide
बैलिविक,Bailiwick
मुचुकुंद,Muchukunda
रचे,created
आरएच,RH
रतनजोत,Ratanjot
नंबरों,numbers
टेंगर,Tenger
स्पेक्ट्रोग्राफ,spectrograph
अधिशोषित,adsorbed
नाथपंथी,Nathpanthi
स्तिथी,position
तीबेस्ती,Tibesti
गोगो,Gogo
असामान्‍य,abnormal
हीनन,Hinan
हंपी,Hampi
अन्तर्क्रियाओं,interactions
अध्यक्ष,chairman
स्लिट,slit
इक्साइट,excite
नोखा,Nokha
लीनियस,Linnaeus
फोंडा,Fonda
लिपिकाल,Lipikal
पृथी,Prithi
द्विपार्श्वीय,bilateral
मुकुट,crown
सहायताके,assistance
बाष्प,vapor
परतन्त्र,dependent
मेका,Meka
कर्णाटक,Karnataka
जॅज़ॅरिट,Jazzarit
सबकॉम्पैक्ट,subcompact
महाकवि,greatpoet
मेलो,Melody
डर,fear
जनसम्पर्क,publicrelations
स्पर्शक,touch
नीबू,lemon
ग्रैन,Gran
साध्यता,feasibility
जननिक,genetic
देव,god
त्वचारोग,skin disease
अविकल,exact
परछाप,reflection
पशुप्रजनन,animalbreeding
अपेक्षाएं,expectations
पीएं,drink
एआईसीटीई,AICTE
आर्द्रतामापी,hygrometer
जीवाश्मीय,fossil
खोने,lose
ख़ुंजराब,Khunjerab
बिछ,spread
२८०२,2802
पीगन,Pegan
क्वार्टर्ली,Quarterly
सिमोन,Simon
जोसफ,Joseph
जल्द,soon
अंक,digit
लिकटेंस्टीन,Liechtenstein
पोस्टमॉर्टम,postmortem
पुनरावलोकन,review
विसिगोथ,Visigoth
सगठन,organization
स्ट्रेट,strait
राठौड़ो,Rathod
मुझमे,inme
सर्वोच्चता,supremacy
डाली।,branch
राजगोपालाचार्य,Rajagopalacharya
पत्नियां,wives
बनस्पति,vegetation
हिसार,Hisar
९३६,936
प्रभुदयाल,Prabhudayal
फेरने,Ferne
रस्सॅल,Rassal
समाशोधित,cleared
प्रियंका,Priyanka
लरिका,Larika
डीएलएफ,DLF
नीवारिका,Nivari
फ़िनों,Finns
क्रयविक्रय,trade
जनआन्दोलन,movement
सरलतर,simpler
प्रवर्त्तक,initiator
देवर्षि,Devarshi
अबतक,sofar
कन्धे,shoulder
ग्रिमाल्डी,Grimaldi
काते,Kate
कारियों,workers
पुरज़ोर,forcefully
अधिराट्,emperor
बरतना,handle
काईट,Kite
तपस्विओं,ascetics
कापुआ,Kapua
विच,which
साबित,prove
सकूँगा।,willdo
उपोष्णकटिबंधीय,subtropical
फैन्टास्टिक,fantastic
वाल्मीकीय,Valmiki
समुन्दर,sea
पोंछने,wipe
साल्मन,Salmon
परिपूर्णता,perfection
परेशानियाँ,troubles
संज्ञेय,perceptible
वीडियोकॉन्फ्रेंसिंग,videoconferencing
कशाभ,flagellum
अबुजा,Abuja
ब्रॉलर,Broler
नेवी,Navy
असीघाट,Asighat
बेनाम,anonymous
लैंबर्ट,Lambert
कैल्कटा,Calcutta
प्रयोगाश्रित,experimental
रामचौरा,Ramchaura
उड़ी,Udi
पुतलियां,pupils
तारपीडो,torpedo
फ़्रीटाउन,Freetown
बेदाग,spotless
हरिलाल,Harilal
सजीवों,organisms
नियन्त्रण,control
तुन्गुसी,Tungusi
बस्‍ती,settlement
सम्भाव्य,probable
बदलो,change
लागी,lag
डाई,dye
एख़्तेयार,authority
रहस्यात्मक,mysterious
वोदेन,Voden
रईसों,nobles
अतिथिगृह,guesthouse
कोऑपरेटिव,cooperative
एकेश्वरवादी,monotheistic
४२४,424
यारोबाम,Yarobam
साँचो,Sancho
रेज़िन,resin
उपनय,initiation
बॅल्ट,belt
गुप्तोत्तर,post-Gupta
कबंध,trunk
पार्थियनों,Parthians
असंबद्ध,unrelated
श्रीनिवास,Srinivas
राजाभाऊ,Rajabahu
सँवार,adorn
लकङ्ी,luck
अविरत,continuous
मथुरा,Mathura
हैंडलों,handles
ayrton,Ayrton
दासानी,Dasani
नमः॥,Namah
आईक्यू,IQ
एडिनबर्घ,Edinburgh
पुष्‍टि,confirmation
निष्पक्ष,impartial
विचारकर,considering
श्रीयंत्र,Shriyantra
कापीराईटेड,copyrighted
कप्तानों,captains
घाटो,ghats
बयां,describe
व्यापारवान्‌,trader
पीटीवी,PTV
व्हा,Vha
धर्मविशेष,religion
कनिष्क,Kanishka
कृत्वा,havingdone
लिपोप्रोटीन्स,lipoproteins
असामयिक,untimely
इंगलैंड,England
मिडफील्ड,midfield
रेकों,Rekon
व्यक्‍तियों,individuals
म्युनिक,Munich
२१६३,2163
खाईयों,trenches
तरतूस,quiver
एपिस्टासिस,epistasis
कौंगो,Congo
केन्दों,centers
परियोजनाए,projects
सामोआ,Samoa
सम्पादन,editing
२९०६,2906
प्रोपोज़िशनल,propositional
बढ,grow
ग्लोबो,globo
वर्नर,Werner
श्रिनिवास,Shrinivas
यार्दाश,Yardash
वाशिगंटन,Washington
तानिका,Tanika
मनुष्यकृत,manmade
चबाए,chew
२००००,20000
गोपालपुरा,Gopalpura
बिभूतिभूषण,Bibhutibhushan
कम्यूनियन,Communion
गजिनी,Ghajini
बुद्धिसंगत,logical
श्रीरंगपट्ट्नम,Srirangapatna
कुदास,Kudas
पोस्‍ट,post
जेंको,Zenko
माइम,mime
देशप्रेम,patriotism
प्यूरिटन,Puritan
स्टेविया,Stevia
क्रियात्मक,functional
मानकी,Manaki
एडीबी,ADB
नौण,Naun
गतिविधी,activity
माने।,mean
सरीर,body
आँगनबाड़ी,Anganwadi
ऐलेन,Ellen
कोप्पल,Koppal
उत्तमचन्द,Uttamchand
ब्रागा,Braga
सगोत्र,Sagotra
फिनाक्ल,Finacle
wikipock,wikipock
क्षत्रियों,Kshatriyas
लोकेश्वर,Lokeshwar
उदगार,expression
तोगड़िया,Togadia
गतिकीय,kinetic
अकार्बनिक,inorganic
बिद्युत,electric
शोथयुक्त,inflamed
२९३८,2938
मैथली,Maithili
पौडेल,Poudel
वहाँ,there
मलिंगा,Malinga
हर्षवर्द्धन,Harshvardhan
प्राचीनतम्,ancient
धमाके,blast
१४१८,1418
सूक्ष्मजीवों,microorganisms
गंधयुक्त,aromatic
बाडेन,Baden
ब्रेटन,Breton
ढाँचे,framework
बंधकों,mortgages
तिलैया,Tilaiya
साइरिल,Cyril
पर्बती,Parvati
हेव,Hew
धात्री,nurse
पाएंगे,find
मऊरानीपुर,Mauranipur
गार्डियोला,Guardiola
अभिरंजन,Abhiranjan
विकृतिजन्य,pathological
तटबंधों,embankments
चाँदनी,moonlight
फटीग,Fatig
किन्हें,whom
बाग़,garden
इनडिया,India
पंकजा,Pankaja
गाँठे,knots
इताअत,obedience
बरदान,blessing
ठिठक,hesitate
रसम,Rasam
बुद्धिज़्म,Buddhism
त्यौहार,festival
माल्टों,Maltons
हच,Hatch
सुगर,sugar
हेडरों,headers
यादृच्छिकता,randomness
कॉपर,copper
दाँत,tooth
बॉयज़ोन,Boyzone
ग्रामोफोन,gramophone
सिं,Singh
अमाशय,stomach
क्लेमेंस,Clemens
डैकोटा,Dakota
ऐस्टरिड,Asterid
वेंकटराम,Venkataram
एविवा,Eviva
नवाज़,Nawaz
जीने,live
माचिस,match
भेजेगा।,send
सर्वांगी,comprehensive
गिनी,Guinea
फ़तह,victory
सोनपुर,Sonpur
होयसला,Hoysala
मीठड़ी,Meethadi
रसिदपुर,Rasidpur
रूकती,stop
जन्माष्टमी,Janmashtami
काबिल,capable
पतनी,Patni
ताता,Tata
नीछे,Niche
विजेन्द्र,Vijendra
कणांतरिक,intracellular
दोस्त,friend
बेहतर।,better
जागत,Jagat
बहुतायत,abundance
मॉर्फिग,morphing
दुर्बलताओं,weaknesses
गाइड्स,guides
आदरभाव,respect
चौमुख,four-faced
पौषक,nutritive
नेअमतों,Neamaton
साइटोकाइन,cytokine
शूटिंग,shooting
वेब्ब,Webb
हैप्पीनेस,happiness
छात्र/छात्राओं,students
बीबर,Beaver
पाईप,pipe
पाबंद,restricted
श्रीकृष्णकीर्तन,Shrikrishnakirtan
लारमय,salivary
तों,Ton
ये,were
१४६२,1462
कहानीसंग्रह,story-collection
इजिप्ट,Egypt
पजहस्सी,Pajhassi
अनार्थिक,uneconomical
कीमी,Kimi
कारेज़,carriage
श्रावस्ति,Shravasti
विजडन,Wisden
बकरे,goats
इलैक्ट्रॉनिकी,electronics
ट्रस्टीशिप,trusteeship
चित्रमाला,album
पुलिस,police
गंध,smell
नोचकर,plucking
डिम्बग्रंथि,ovary
आईकैलेंडर,iCalendar
भभुआ,Bhabua
२८७६,2876
एकाडेमी,academy
बुक्सा,Buxa
महाश्वेता,Mahashweta
संस्थायें,institutions
बन्यन,banyan
बटाटा,potato
जयन्ती,anniversary
पुरोहिती,priesthood
थली,plate
जमक,glow
पश्चाताप,repentance
ख़ज़ाना,treasure
ऋग,Rig
भुजाओं,arms
खुबानी,apricot
रेंडरिंग,rendering
जड़ानवाला,rooted
अलवा,except
दीघा,Digha
कालिय,Kaliya
इंकार,denial
जलचक्र,watercycle
वेरिएबल्स,variables
स्लीपी,sleepy
स्वरग्रंथि,larynx
फैनी,Feni
उलाहना,rebuke
देहू,Dehu
घटनापूर्ण,eventful
स्नान,bath
आशोधित,refined
यूटीआई,UTI
प्रपौत्री,greatgranddaughter
विदुप,Vidup
सांगानेर,Sanganer
ईष्र्या,envy
कविसम्मेलनों,poetrymeets
वापिस,return
संस्थानिक,institutional
रजिस्ट्रार,registrar
गेघारकुनिक,Ghegharkunik
लेखापरीक्षण,audit
फोलोविल,Folovil
जन्तु,animal
विरुदों,anthems
सेलांगोर,Selangor
गगारिन,Gagarin
रचनांतर,transcreation
पीपलाज,Peepalaj
अज़ेरी,Azeri
आरख़ान्गेल्स्क,Arkhangelsk
रवाना,departed
गुनियालेख,Guniyalekh
थायरायड,thyroid
सिस्टमेटिक,systematic
१५९८,1598
घपला,scam
लोरिंग,Loring
पापड़,papad
अम्बेडकर,Ambedkar
अंगच्छेदन,amputation
सूत्रित,formulated
पश्चमी,western
तारांकित,starred
हथुवा,Hathua
कस्टडी,custody
एवान,Ewan
जिद्दी,stubborn
शिरस्त्राण,helmet
सूचनाएँ,information
ज्योतिष्पिंडों,celestialbodies
दर्शील,Darsheel
नस्य,nasal
बैगेज,baggage
यन्त्रों,machines
असममिति,asymmetry
मधुकरशाह,Madhukarshah
दावेदारों,claimants
मृदुकाष्ठ,softwood
आक्रमण,attack
एकसा,uniform
चौपड़,boardgame
लोकमानया,Lokmanya
मलिहा,Maliha
टोटी,tap
मनसाराम,Mansaram
सचिन,Sachin
तुमि,Tumi
विलगाव,separation
डेल्को,Delco
मेप,map
कुरमी,Kurmi
ओडेर,Oder
प्रगतिवादी,progressive
शैख़,Sheikh
छड़ियों,rods
चकी,Chakki
रेखाओं,lines
न्यूरोसर्जन,neurosurgeon
पश्चपाद,hindlimb
कैरियरों,careers
मसाई,Masai
उपभोक्तावाद,consumerism
उखड़,uprooted
ब्रॉडवे,Broadway
सरदी,cold
विन्स्टन,Winston
होऊंगा,willbe
नाइक्रोम,nichrome
६४०,640
तिरुअनन्तपुरम्,Thiruvananthapuram
जनकला,folkart
हरीश,Harish
सन्तुलित,balanced
रेक्टिफायर,rectifier
पीज़,peas
एएवी,AAV
हंचबैक,hunchback
प्रकाशनी,publication
वोलंटियर,volunteer
सुधारकर,improved
सोथो,Sotho
विपणन,marketing
आंनद,Anand
बरेली,Bareilly
१०३२,1032
जता,express
व्याकरणों,grammars
ग्रैंड,grand
पीडब्ल्यूसी,PWC
पैड़ियों,steps
जीर्ण,dilapidated
अतिवृष्टि,flooding
जीतने,winning
मलिनता,impurity
ऋणग्रस्त,indebted
शरीया,Sharia
फ़ाइव,five
चिमेरा,chimera
कापरी,Kapri
गेंग,Gang
त्रिभाषी,trilingual
चीरकलिक,Chirkalik
अप्राप्य,inaccessible
खड़ग,sword
जोतते,plow
मातुल,uncle
एयूसी,AUC
ऐनालिसिस,analysis
१५५,155
खौफनाक,horrifying
ख़ोव्स्गोल,Khovsgol
पुरालेखित,archived
कृषिका,farmer
युद्धस्थल,battlefield
सुकुमारन,Sukumaran
अगिन,fire
एरेना,Arena
फुलेरा,Phulera
कपिल,Kapil
रेटिना,retina
सैरोस,Saros
सेंट,cent
पंतनगर,Pantnagar
लार,saliva
ओलिगोडॉनशिया,Oligodontia
ऐलेक्स,Alex
डैड,dad
ममत्व,motherhood
कूलॉम्ब,coulomb
संवाहिका,conductor
सबमिट,submit
समया,time
सहज,effortless
पनवेल,Panvel
डार्न्ले,Darnley
जलवा,glamour
विओला,Viola
शु,Shu
प्रतिष्ठात्मक,prestigious
धनानंद,Dhanananda
छांव,shade
सरमा,Sarma
कम्यूटेटर,commutator
विशय,subject
मरोड़,cramp
बुटिक्स,boutiques
यमी,Yami
छात्र,student
गर्भाषय,uterus
कुशद्वीप,Kushdweep
पद्मदुर्ग,Padmadurg
४०६,406
टीलों,dunes
ज्वालाप्रसाद,Jwalaprasad
फॉर्मूला,formula
गुच्छेदार,clustered
नामंकित,nominated
इंद्रराज,Indraraj
न्युरोटिक,neurotic
शेरगिल,Shergill
मएर,Maer
योगिनीहृदय,Yoginihriday
पुनर्निर्वाचित,reelected
तिगुना,triple
प्रसन्न,happy
बदने,changing
निर्माणों,constructions
एनायन,anion
निहारा,gazed
रिठायत,Rithayat
मुहाँसे,acne
सिमलखाँ,Simalkhan
आंकड़ों,data
सूर्यकिरणों,sunrays
मोर,peacock
घोला,dissolved
प्रहलाद,Prahlad
जीवनानंद,Jibanananda
रेखाएँ,lines
संघा,Sangha
एडमण्टन,Edmonton
घासदार,grassy
भूनकर,roasted
रिएक्शन,reaction
गुदामार्ग,anus
६२२,622
पिये,drank
शिरपुर,Shirpur
चोटिल,injured
त्रिभुजों,triangles
लोकमत,publicopinion
प्रतिचुम्बकीय,antimagnetic
सारिपुत्त,Sariputta
बलवीर,Balveer
लुबना,Lubna
बिताते,spend
रिसाला,Risala
रामकुंड,Ramkund
महोत्सवों,festivals
परहित,welfare
गूगलप्लेक्स,Googleplex
२७८३,2783
वासुपूज्य,Vasupujya
मबुहाय,Mabuhay
लड़ियाँ,strings
रैम्स,Rams
चिल्लाना,scream
आड्डा,Adda
जेतवन,Jetavana
गणितज्ञ,mathematician
जहालत,ignorance
अल्ट्रासाउण्ड,ultrasound
नदीन,Nadeen
रखतीं,keep
मिसिसॉगा,Mississauga
सुसमाचार,gospel
सटी,accurate
सहजीवी,symbiotic
मुख्यद्वार,mainentrance
स्टिफनेट,stifnet
जननेन्द्रिय,genital
रामकृष्ण,Ramakrishna
किनारा,shore
सैंतोरो,Santoro
एरिजोना,Arizona
मैथियास,Mathias
मूलगंध,Moolgandh
राईम्स,Rimes
बथुआ,bathua
सदाबहार,evergreen
पापड,papad
प्रतिक्रियाशीलता,reactivity
बदायूँ,Budaun
चिड़ावा,Chirawa
प्रदीप्त,illuminated
सेउटा,Ceuta
अर्माडा,Armada
छंद,meter
बेशर्म,shameless
इंडोचाइना,Indochina
अर्गली,argali
निवाड़ी,Niwari
जूनून,passion
प्रवृत्तियों,tendencies
हीमोलिटिक,hemolytic
वाफ्फेन,Waffen
१७०९,1709
बुकमार्कलेट,bookmarklet
प्रलेखन,documentation
फिरकर,returning
कोपोला,Coppola
सामंतवाद,feudalism
डेकन,Deccan
अनन्तर,afterward
जर्नीमैन,journeyman
सर्फ़िंग,surfing
मनाकर,refusing
मोल्दाविया,Moldavia
मेलबॉर्न,Melbourne
नार्को,narco
खानभारतीय,Khanbhartiya
राजपूत,Rajput
सत्तारूढ,ruling
२४९५,2495
आवेशक,inductor
खींचकर,pulling
एण्डी,Andy
सारिपुत्र,Sariputra
१५२७,1527
ऐरोली,Airoli
मोलिये,pricing
खोया,lost
ब्रैंड,brand
बातें,talks
सिनेमास्कोप,Cinemascope
लोकों,people
सैंडबॉक्स,sandbox
चक्रपाणी,Chakrapani
संबैधानिक,constitutional
अदालतें,courts
लेप,coating
नयेपन,novelty
टोटोनैक,Totonac
तोरण,arch
मीटरवेव,microwave
रैफरी,referee
गालक,galax
क्रॉम्वेल,Cromwell
फ़्रेम,frame
रुपों,forms
समतुल्य,equivalent
दहलाने,terrifying
बचाएगा,save
रस्सों,ropes
बर्त्तनों,utensils
सिंकदर,Sikandar
असंवेदक,insensitive
उत्तराचंल,Uttarakhand
विमेन,women
प्रतिरोधों,resistances
कुलिश,Kulish
जहाजपुर,Jahazpur
अधोबिंदु,subscript
रोटावायरस,rotavirus
प्राध्यापन,professorship
मुकाबला,competition
मातृभाषाएँ,mothertongues
वैराज,Vairaj
सपिंड,Sapinda
दबोचने,grabbing
मेकेनिक,mechanic
धोवन,washing
हॉलीवुड,Hollywood
इंस्‍पायर,inspire
बारामती,Baramati
लैम,LAM
कैर,Cair
छमता,capacity
सरस,juicy
काकीनाड़ा,Kakinada
कड़ाई,strictness
ऐक्स्प्रैस,express
लासेटर,Lasseter
हिमवर्ष,snowfall
यक़ीन,belief
बिल्बो,Bilbo
पम्दा,Pamda
नकेल,bridle
उत्तानपाद,Uttanapada
८,8
परीक्षित्,Parikshit
साहिबज़ादे,Sahibzade
नोवालिस,Novalis
सिड्नी,Sydney
अध्यान,study
कूदो,jump
मेसोपोटेमिया,Mesopotamia
चित्तौडगढ़,Chittorgarh
अंतर्युति,interjunction
१४९,149
भोगते,suffering
कबीलों,tribes
दरारों,cracks
कारागृह,prison
कोम्टे,Comte
गूढ़लेख,cryptogram
सीसर,Caesar
पिकरिंग,Pickering
विस्फोटी,explosive
बदख़्शान,Badakhshan
भरपूर,abundant
लायी,brought
चौराहे,crossroads
दोरनोद,Dornod
स्पुटनिक,Sputnik
हार्मोनों,hormones
राजगीर,Rajgir
श्रमिकों,workers
अनुवांशिकता,genetics
हंगर,hunger
डेटलाइन,dateline
किंगफ़िशर,Kingfisher
युग्मक,gamete
निम्नबल,lowforce
रिफ़ॉर्म,reform
कामेश्वर,Kameshwar
खुलता,opens
१३५९,1359
चॉप,chop
रासयनिक,chemical
दाडमी,Dadmi
शशि,Shashi
हेतू,cause
पेंटिग्स,paintings
रहस्यवाद,mysticism
इनस्विंगर,inswinger
रेखांकित,underlined
एंग्लिया,Anglia
उपासक,devotee
पॉण्टस,Pontus
वेंडेट्टा,vendetta
आउटलूक,outlook
वंश,dynasty
दबायें,press
ऐमा,Aima
भटूरा,bhatura
कॉलिज,college
जनसामान्य,masses
२१६,216
तथागतगर्भ,Tathagatgarbha
जुडकर,joined
हर्ज़,damage
सप्तपदी,Saptapadi
त्रिकोणमित्तीय,trigonometric
एसके,SK
२०१८,2018
ट्रिपल्स,triples
वर्साय,Versailles
केआईए,KIA
बर्फ़ी,barfi
न्यूटनीय,Newtonian
सॉफ्टवेअर,software
नोएडा,Noida
माल्मो,Malmo
तहमीना,Tahmeena
श्याक,Shyak
धोरा,dune
नाचने,dancing
बटुक,young
नायब,deputy
विश्वभानु,Vishvabhanu
ग्लासरी,glossary
ओकिनावान,Okinawan
बौतडी,Bautadi
सामथ्र्य,capability
बैकिंग,backing
क्रिप्लर,crippler
भाटों,Bhatos
मेटर,meter
कोटी,Koti
उड़ाए,flew
रक्शा,Raksha
सुसी,Susi
ख़़ुद,self
निल्स,Nils
धौरहरा,Dhaurahra
बॉयलर,boiler
होजाती,happens
एसीसीए,ACCA
अमरकंटक,Amarkantak
सम्‍पुट,bracket
छठवीं,sixth
फाइनान्स,finance
पिआनो,piano
काल्ट,cult
ध्येयनिष्ठ,devoted
भारधारी,bearer
ज़ैतून,olive
मोन्स,Mons
फिदा,infatuated
दस्तकारी,craft
संवर्धित,enhanced
दुकैती,robbery
कालसर्प,Kalsarpa
जिका,Zika
सूइयाँ,needles
भरोसा,trust
पोलियोवायरस,poliovirus
करूँ,do
नाटे,short
गंधहीन,odorless
रैंजर,ranger
जमाड,Jamad
अत्यन्त,extreme
कुथबर्ट,Cuthbert
बी०ए०,BA
लक्ष्मीबाई,Lakshmibai
किशनगंज,Kishanganj
निंद्रा,sleep
आच्छन्न,covered
चालकों,drivers
तबादला,transfer
क्वार्टजाइट,quartzite
रजक,Rajak
शांगरी,Shangri
पत्रिकाएं,magazines
अंशदान,contribution
क्रीडाओं,sports
टेसू,Tesu
शनि,Saturn
उँचे,tall
मंहगी,expensive
मिस्टीरियो,Mysterio
हारे,defeated
स्तुतिगान,praise
रेलगाड़ियाँ,trains
संक्रान्ति,transition
लच्छा,Lachha
माहोल,environment
डीलडौल,physique
खनित्र,digger
माइकोप्लाज्मा,mycoplasma
सोपस्टोन,soapstone
सेवियर,savior
४४९,449
वग,Vag
किन्नरों,eunuchs
बाल्टियों,buckets
ढेंढ़,Dhendh
टेम्पलर,Templar
विभागो,departments
लिफ्टर,lifter
पावो,Pavo
दाशगुप्ता,Dashgupta
रेंडम,random
इनुइट,Inuit
गौडी,Gaudi
यूआई,UI
केपकॉम,Capcom
लुआंडा,Luanda
नीतिपरक,ethical
स्‍टीवर्ट,Stewart
हिरोहितो,Hirohito
कोएमन्,Koeman
हुकुम,order
संसाध्नों,resources
सूचनाओं,information
हेरलड्री,heraldry
दसरथ,Dasaratha
फ़्रिक्वेंसी,frequency
मीलीलीटर,milliliter
वल्लरी,Vallari
यूरामेरिका,Euramerica
उद्भासित,emitted
वर्जिन,virgin
दिखाती,shows
कुमारन,Kumaran
शब्दाडंबर,pomp
व्लादीमीर,Vladimir
विष्णुसिंह,Vishnusingh
गाजीउद्दीन,Ghaziuddin
काँसे,bronze
डेवीस,Davis
जीभों,tongues
पेयजल,drinking
लगायी,planted
पद्मनाभस्वामी,Padmanabhaswamy
देवाधिदेव,Devaadidev
याति,Yati
मेसोथेलिओमा,mesothelioma
आंगिरस,Angiras
हेब्दो,Hebdo
देखन,seeing
प्रिंटर्स,printers
मदनपल्ली,Madanapalle
अतिसूक्ष्मदर्शी,microscopic
लेवी,Levi
लाइफ़,life
पूग,Pug
अप्रवासन,emigration
जुटाये,collected
पिचके,sunken
हिण्डौन,Hindaun
सानडी,Sandy
बहिया,Bahiya
रिद्धिमान,Riddhiman
खीरे,cucumber
स्कोरों,scores
सडियाताल,Sadiyatal
कूह,gorge
बीस्ट,beast
महीधर,Mahidhar
बोग्डैनोव,Bogdanov
आंकिक,numeric
आर्कियोलॉजी,archaeology
बोस्टन,Boston
ईस्लाम,Islam
यशवंतराव,Yashwantrao
मेंज,Mainz
शामन,shaman
मांकड़,Mankad
ऋक्संहिता,Rigveda
बज़्म,assembly
समीती,committee
विज़िटिंग,visiting
लोरिसिडाए,Lorisidae
किन्तु,but
जारीकर्ताओं,issuers
चूहों,mice
विकि,wiki
पर्सनल,personal
ब्रुकलीन,Brooklyn
आमखेत,Aamkhet
सूरिनाम,Suriname
शांतुंग,Shandong
साम्य,equality
सं,together
जकड़,grip
प्रबन्धको,managers
संज्ञाहीन,unconscious
मकरानी,Makrani
एडवेंटिस्ट,Adventist
अनित्य,impermanent
तिथि,date
लवण,salt
ओएसिस,oasis
प्रतिहिंसा,revenge
एफ़,F
धर्मकीर्ति,Dharmakirti
मुन्किर,denier
अर्थबोध,comprehension
सुचनांक,index
जिस्ने,who
चयनकर्ताओं,selectors
सम्बन्ध,relation
हिन्दूवाद,Hindutva
शरीरक्रिया,physiology
षड्यन्त्र,conspiracy
मिस्रियों,Egyptians
हांफना,panting
चेंबूर,Chembur
उडा़न,flight
रथ,chariot
हेनरी,Henry
सिसिलियन,Sicilian
दाहिया,Dahiya
भागीपुर,Bhagipur
श्तात,State
तुलसीदल,Tulsidal
राहुकाल,Rahukalam
शिष्‍य,disciple
लंकाई,Lankan
फ्लोरोफोरे,fluorophore
जीवनोपरांत,posthumous
रायचौधुरी,Raychaudhuri
निहिल,nihil
मुरुदेश्वर,Murudeshwar
एलिफेंट,elephant
कोमनवेल्थ,Commonwealth
गंजे,bald
फ़ॉरवर्ड्स,forwards
दिखलाने,showing
दाऊपुर,Daulpur
बालोद्यान,garden
देवस्तुति,devotion
मीराज,Miraj
चौड़ाई,width
आइ,AI
पयर्टन,tourism
संगुटिकाओं,aggregates
मुनाफ़ा,profit
इम्यूनोफ्लोरेसेंस,immunofluorescence
शिवनंदन,Shivanandan
पवर्ग,Pavarga
चलनों,movements
रीचार्ज,recharge
सहकलाकार,coactor
कारवां,caravan
कुकड़ा,Kukda
जुबैदा,Zubaida
आईएमई,IME
चर्बल्लो,Charballo
क्रिस्टलन,crystallin
लंबाकार,elongated
पैदाईश,birth
क्लोरोक्विन,chloroquine
जानू,knee
किन्‍तु,but
आक्मेनीड,Achaemenid
रोंगाली,Rongali
असंयत,incoherent
बंगलो,bungalow
कर्ते,doer
सुहरावर्दी,Suhrawardi
जीएम,GM
लोक,Lok
आर्मेनियन,Armenian
सिल्लियाँ,ingots
सितारे,stars
पीतक,bile
वासिला,Vasila
मापित,measured
उद,Ud
विद्यापति,Vidyapati
पाथरी,Pathari
जायँ,go
लाइनिंग,lining
यांनी,they
अक्षरीकरण,transliteration
वैगन,wagon
अतिरऊ,Atyrau
डोबा,Doba
रसाभास,rhetoric
दिसम्बर,December
दुपहिया,two-wheeler
मुल्तानी,Multani
प्रतिलिपिकार,copyright
टफ्ट्स,Tufts
टेस्टिंग,testing
क्रीज,crease
ऋतुएं,seasons
लखपति,millionaire
एडना,Edna
रहीम,Rahim
यूनियन्स,unions
कैचिंग,catching
बामाक्षेपा,Bamakhepa
मैक्महोन,McMahon
सीनीसियम,Sinisium
कत्चल,Katchal
पद्मनाभदत्त,Padmanabhadatta
उदाहरणः,example
जलरोधक,waterproof
इफ,if
प्रिवेंशन,prevention
ड्रॉइड्स,droids
ट्राफी,trophy
अन्तःक्रिया,interaction
अंगरेजों,British
स्तंभक,coagulant
५६६,566
आरेखण,drafting
याल्टा,Yalta
स्ट्रगल,struggle
तल्वार,sword
सीस्मी,seismic
आवश्यक,necessary
डोलची,jar
अबूबक्र,AbuBakr
मुनाल,munal
मजबुर,forced
रामोपासना,Ramopasana
जीणमाता,Jeenmata
डाल्फिन,dolphin
पडयणि,Padayani
कोलियरी,colliery
उषवर,Ushavar
गोदियाँ,cradles
अनुप्रस्थ,transverse
अंतर्राष्ट्रीय,international
बेखबर,unaware
पर्चों,leaflets
ब्राइटन,Brighton
दायर,filed
तरंगाग्र,wavecrest
सांगवान,Sangwan
पराधीन,dependent
अरम्बोल,Arambol
लालभारतीय,LalBharatiya
प्रेमालाप,flirtation
अग्निवीणा,Agnivina
वालें,those
उपजात,subspecies
वाहीक,carrier
कांटा,thorn
हेमचन्द्र,Hemchandra
साधो,Sadhu
बाले,Bale
गतिविधि,activity
मर्सिएलेगो,Murcielago
अल्पावस्था,immaturity
रहमतपुर,Rahmatpur
गुटनबर्ग,Gutenberg
बिटिया,daughter
त्रिपुरारी,Tripurari
सेतुओ,Setuo
मंजुश्री,Manjushri
चमकी,shiny
साक्षे,witness
अपरिचितों,strangers
अनुक्रियाओं,reactions
सदनीय,sedan
हिदी,Hindi
अभिग्राही,receptor
बारंबार,repeatedly
मन्हवा,Manhwa
तरबगंज,Tarabganj
वस्तुवादी,realist
आसूचना,intelligence
अग्रक्रिया,precursor
बचाव,defense
तत्त्वार्थसूत्र,Tattvarthasutra
भारतीयो,Indians
मंगाने,ordering
खोज,search
टाइपोग्राफी,typography
जजमेंट,judgment
संख्यायों,numbers
फँसे,trapped
भाषाएं,languages
परिकल्पना,concept
मेघवंश,Meghavansh
अम्बा,Amba
पत्रदल,leaflet
जोखिमपूर्ण,risky
आधि,initial
कृतयुग,Kritayuga
प्रेसिडेंट्स,presidents
बदलावो,changes
बहिष्कार,boycott
पकड़वाने,capturing
बिना,without
अचर,inert
अलबारदेई,ElBaradei
ग्वाली,Gwali
उदगम,source
लंबक,pendulum
ईलियन,alien
शॉर्टकट,shortcut
बदमाश,rogue
वाष्पीय,vaporous
रियासतकालीन,princely
वाग्भट्ट,Vagbhatt
नौसादर,ammonium
वाइमर,Weimar
हायड्रा,Hydra
१६६२,1662
द्विपार्श्व,bilateral
पौने,quarter
पन्द्रहवें,fifteenth
आवश्यकताएं,requirements
उठापटक,turmoil
जनसंपर्क,publicity
राष्ट्रपतीय,presidential
मेनोन,Menon
शार्पविले,Sharpeville
केमेरो,Camero
इटैलियन,Italian
भाषानुवाद,translation
अनुपयुक्तता,inappropriateness
विशाखापट्टनम,Visakhapatnam
कशेरूका,vertebra
गुह्येश्वरी,Guhyeshwari
एक्सटेंसिबल,extensible
मंझोले,medium
नामधारी,Namdhari
फ्यूचर,future
प्रेस्टीज,prestige
फिलिप्स,Philips
पोल्यूशन,pollution
दावेदार,claimant
रैमिरेज़,Ramirez
दबते,pressed
ब्रजकिशोर,Brajkishor
मुरुद,Murud
चोपरा,Chopra
शेरुडुकपेन,Sherdukpen
ज्यूला,Jyula
संबंद्ध,affiliated
आणि,and
पायसन,Payson
नित्या,Nitya
मानिटोबा,Manitoba
मार्गदर्शक,guide
मनकों,beads
लेटेस्ट,latest
प्रोटॉन,proton
सुरः,Sura
तालजंघ,Talajangha
संदेशरासक,Sandesharasak
अरित्र,Aritra
कूका,Kuka
चोड़,wide
वाहिकीय,vascular
एनवायरमेंट,environment
बागपत,Baghpat
फीनयीन,Phinean
ऑलिव,olive
बरसा,rain
फ्रन्क,Frank
विष्णुस्त्वानयतु,Vishnustvanayatu
एकराट्तंत्र,Ekarattatantra
सेंक्चुरी,sanctuary
तिआन,Tian
पॉल्ट्री,poultry
नदाल,Nadal
ऍफ,F
आंत्रशोथ,enteritis
बैंब्यूसा,Bambusa
प्रभावशीलता,effectiveness
कोलोनेल,colonel
भूखा,hungry
लोनली,lonely
बेतरतीब,random
जगस्वामी,Jagaswami
खींचतान,tugging
नास्ति,Nasti
पैलियोजीन,Paleogene
संकल्पों,resolutions
वर्णमालाओं,alphabets
आईड,aid
खोलो,open
निर्मलक,Nirmalak
खदायी,excavation
ऑस्टेलिया,Australia
क्रिस्टीज़,Christie’s
अलायन्स,alliance
दरियागंज,Daryaganj
उपाघ्याय,Upadhyay
भाषी,speaker
मंगोलायड,Mongoloid
सायंकाल,evening
अरविंद,Arvind
खग्रास,total
कुण्डल,coil
ओसीआई,OCI
छेड़,tease
अस्थिपंजर,skeleton
heating,heating
सोलेनम,Solanum
पिंडर,Pindar
उपन्‍यासों,novels
भूमीय,terrestrial
यही,this
यहै,this
गुज्जर,Gujjar
सनक,obsession
राक,rock
सुत्तों,Suttas
लकिन,but
तत्पश्चात्,thereafter
कैंचियों,scissors
वज्रायुध,thunderbolt
बरता,used
नियोबियम,niobium
हाउसहोल्डर,householder
केशुभाई,Keshubhai
नाइटहुड,knighthood
फाइनांस,finance
मनोनित,nominated
शेफ़र,Schaefer
एक्स्टेंशन,extension
पीपे,barrels
लघुकृत,abridged
मल्हीपुर,Malhipur
कनरे,Kanre
निकटदृष्टि,myopia
अंज़ाम,result
अचल,immovable
पुनर्निर्माण,reconstruction
लोटी,returned
छायावादी,romantic
बख्तर,armor
रोमिका,Romika
बायोटिक,biotic
गुर्राहट,growl
रिसालत,message
हल्लाज,Hallaj
ताईवान,Taiwan
अक्कदी,Akkadian
अराध्य,adorable
गर्व,pride
घराट,watermill
विद्यारंभ,initiation
कानीराम,KaniRam
रोपकर,planting
ड्रंकेन,drunken
लीवरकुसेन,Leverkusen
रेनिगुंटा,Renigunta
विद्युदग्रों,electrodes
गोर्नो,Gorno
आइसेक,AIESEC
लुप्तप्राय,endangered
पंशिनेलो,Panchinello
निर्ममता,cruelty
अन्तर्गत्,within
छियालिस,forty-six
वर्षकार,Varsakar
फेकते,throw
पचार,preach
इमरजेंसी,emergency
दफ़नाने,burial
मैक्लिलैंड,McClelland
एंडोर्स,endorse
एक्सॉन,Exxon
बिसाउ,Bissau
डिक्सटन,Dickston
पब्लिसिटी,publicity
अल्काइल,alkyl
वेलिन,Wellin
रूबीना,Rubina
मनोसामाजिक,psychosocial
गर्तों,pits
देती,gives
साहिबा,Sahiba
अमूर्त,abstract
भीमबैठका,Bhimbetka
पैरिश,parish
नैटी,Nettie
साथे,together
